Link Text,URL,Type,Source Page(s),HTTP status,Active,Final URL,Notes
Dental Website Design,http://www.pbhs.com/,external,http://www.jeffreyburns.com/about-us/ ; http://www.jeffreyburns.com/patient-information/ ; http://www.jeffreyburns.com/patient-information/care-credit/ ; http://www.jeffreyburns.com/patient-information/insurance/ ; http://www.jeffreyburns.com/patient-information/new-patients/ ; http://www.jeffreyburns.com/patient-information/patient-education/ ; http://www.jeffreyburns.com/patient-information/patient-registration/ ; http://www.jeffreyburns.com/patient-information/scheduling/ ; http://www.jeffreyburns.com/restorative-dentistry/ ; http://www.jeffreyburns.com/restorative-dentistry/dental-fillings/ ; +18 more,200,yes,https://www.pbhs.com/,redirects
Download Now,https://jeffrey-burns.implant-services.com/get-e-book,external,https://www.jeffreyburns.com/,200,yes,https://jeffrey-burns.implant-services.com/get-e-book,
Learn more about Register Online,https://staging.pbhshosting.com/www-jeffreyburns-com/patient-information/patient-registration/,external,http://www.jeffreyburns.com/about-us/ ; http://www.jeffreyburns.com/patient-information/ ; http://www.jeffreyburns.com/patient-information/care-credit/ ; http://www.jeffreyburns.com/patient-information/insurance/ ; http://www.jeffreyburns.com/patient-information/new-patients/ ; http://www.jeffreyburns.com/patient-information/patient-education/ ; http://www.jeffreyburns.com/patient-information/patient-registration/ ; http://www.jeffreyburns.com/patient-information/scheduling/ ; http://www.jeffreyburns.com/restorative-dentistry/ ; http://www.jeffreyburns.com/restorative-dentistry/dental-fillings/ ; +19 more,403,needs review,https://staging.pbhshosting.com/www-jeffreyburns-com/patient-information/patient-registration/,Staging PBHS registration link appears in at least one page crawl; returned 403 to verifier.
Cherry (opens in new tab),https://withcherry.com/,external,https://www.jeffreyburns.com/patient-information/insurance/cherry-credit/,200,yes,https://withcherry.com/,
withcherry.com/accessibility (opens in new tab),https://withcherry.com/accessibility,external,https://www.jeffreyburns.com/patient-information/insurance/cherry-credit/,200,yes,https://withcherry.com/accessibility,
withcherry.com/lending-partners (opens in new tab),https://withcherry.com/lending-partners,external,https://www.jeffreyburns.com/patient-information/insurance/cherry-credit/,200,yes,https://withcherry.com/financing-partners,redirects
withcherry.com/terms (opens in new tab),https://withcherry.com/terms,external,https://www.jeffreyburns.com/patient-information/insurance/cherry-credit/,200,yes,https://withcherry.com/terms,
Learn more about troubleshooting WordPress.,https://wordpress.org/documentation/article/faq-troubleshooting/,external,https://www.jeffreyburns.com/category/blog/ ; https://www.jeffreyburns.com/category/uncategorized/,200,yes,https://wordpress.org/documentation/article/faq-troubleshooting/,
Learn More & See If You Prequalify,https://www.carecredit.com/apply/,external,http://www.jeffreyburns.com/patient-information/care-credit/,200,yes,https://www.carecredit.com/apply/,
PAYMENT CALCULATOR,https://www.carecredit.com/providercenter/resourcescenter/payment_calculator/,external,http://www.jeffreyburns.com/patient-information/care-credit/,200,yes,https://www.carecredit.com/providercenter/resourcescenter/payment_calculator/,GET fallback
Image 8,http://www.jeffreyburns.com/wp-content/client-mu-plugins/rw-assets/_public/content/images/cc-bill-icon.png,file,http://www.jeffreyburns.com/patient-information/care-credit/,403,no/check,http://www.jeffreyburns.com/wp-content/client-mu-plugins/rw-assets/_public/content/images/cc-bill-icon.png,HEAD failed; GET failed: <HTTPError 403: 'Forbidden'>
Image 11,http://www.jeffreyburns.com/wp-content/client-mu-plugins/rw-assets/_public/content/images/cc-clipboard-icon.png,file,http://www.jeffreyburns.com/patient-information/care-credit/,403,no/check,http://www.jeffreyburns.com/wp-content/client-mu-plugins/rw-assets/_public/content/images/cc-clipboard-icon.png,HEAD failed; GET failed: <HTTPError 403: 'Forbidden'>
Image 7,http://www.jeffreyburns.com/wp-content/client-mu-plugins/rw-assets/_public/content/images/cc-creditcard.png,file,http://www.jeffreyburns.com/patient-information/care-credit/,403,no/check,http://www.jeffreyburns.com/wp-content/client-mu-plugins/rw-assets/_public/content/images/cc-creditcard.png,HEAD failed; GET failed: <HTTPError 403: 'Forbidden'>
Image 9,http://www.jeffreyburns.com/wp-content/client-mu-plugins/rw-assets/_public/content/images/cc-hospital-icon.png,file,http://www.jeffreyburns.com/patient-information/care-credit/,403,no/check,http://www.jeffreyburns.com/wp-content/client-mu-plugins/rw-assets/_public/content/images/cc-hospital-icon.png,HEAD failed; GET failed: <HTTPError 403: 'Forbidden'>
Image 10,http://www.jeffreyburns.com/wp-content/client-mu-plugins/rw-assets/_public/content/images/cc-money-icon.png,file,http://www.jeffreyburns.com/patient-information/care-credit/,403,no/check,http://www.jeffreyburns.com/wp-content/client-mu-plugins/rw-assets/_public/content/images/cc-money-icon.png,HEAD failed; GET failed: <HTTPError 403: 'Forbidden'>
Image 1: profile picture of Bryana,https://master-cherry-storage.s3.us-west-2.amazonaws.com/static/widgets/images/1.png,file,https://www.jeffreyburns.com/patient-information/insurance/cherry-credit/,200,yes,https://master-cherry-storage.s3.us-west-2.amazonaws.com/static/widgets/images/1.png,
Image 2: profile picture of Alex,https://master-cherry-storage.s3.us-west-2.amazonaws.com/static/widgets/images/2.png,file,https://www.jeffreyburns.com/patient-information/insurance/cherry-credit/,200,yes,https://master-cherry-storage.s3.us-west-2.amazonaws.com/static/widgets/images/2.png,
Image 3: profile picture of Marie,https://master-cherry-storage.s3.us-west-2.amazonaws.com/static/widgets/images/3.png,file,https://www.jeffreyburns.com/patient-information/insurance/cherry-credit/,200,yes,https://master-cherry-storage.s3.us-west-2.amazonaws.com/static/widgets/images/3.png,
Image 6: profile picture of Cassie,https://master-cherry-storage.s3.us-west-2.amazonaws.com/static/widgets/images/4.png,file,https://www.jeffreyburns.com/patient-information/insurance/cherry-credit/,200,yes,https://master-cherry-storage.s3.us-west-2.amazonaws.com/static/widgets/images/4.png,
Image 5: profile picture of Alyssa,https://master-cherry-storage.s3.us-west-2.amazonaws.com/static/widgets/images/5.png,file,https://www.jeffreyburns.com/patient-information/insurance/cherry-credit/,200,yes,https://master-cherry-storage.s3.us-west-2.amazonaws.com/static/widgets/images/5.png,
Image 4: profile picture of Gabriel,https://master-cherry-storage.s3.us-west-2.amazonaws.com/static/widgets/images/6.png,file,https://www.jeffreyburns.com/patient-information/insurance/cherry-credit/,200,yes,https://master-cherry-storage.s3.us-west-2.amazonaws.com/static/widgets/images/6.png,
Image 3: RevenueWell Systems,https://www.jeffreyburns.com/wp-content/plugins/pbhs-common-plugin/_css/images/rw-logo.png,file,http://www.jeffreyburns.com/patient-information/patient-education/ ; https://www.jeffreyburns.com/patient-information/patient-education/,403,no/check,https://www.jeffreyburns.com/wp-content/plugins/pbhs-common-plugin/_css/images/rw-logo.png,HEAD failed; GET failed: <HTTPError 403: 'Forbidden'>
Image 18: next arrow,https://www.jeffreyburns.com/wp-content/themes/JeffreyBurns/_media/assets/arrow-next.png,file,https://www.jeffreyburns.com/,403,no/check,https://www.jeffreyburns.com/wp-content/themes/JeffreyBurns/_media/assets/arrow-next.png,HEAD failed; GET failed: <HTTPError 403: 'Forbidden'>
Image 17: previous arrow,https://www.jeffreyburns.com/wp-content/themes/JeffreyBurns/_media/assets/arrow-prev.png,file,https://www.jeffreyburns.com/,403,no/check,https://www.jeffreyburns.com/wp-content/themes/JeffreyBurns/_media/assets/arrow-prev.png,HEAD failed; GET failed: <HTTPError 403: 'Forbidden'>
Image 28: next arrow,https://www.jeffreyburns.com/wp-content/themes/JeffreyBurns/_media/assets/button-next.png,file,https://www.jeffreyburns.com/,403,no/check,https://www.jeffreyburns.com/wp-content/themes/JeffreyBurns/_media/assets/button-next.png,HEAD failed; GET failed: <HTTPError 403: 'Forbidden'>
Image 27: previous arrow,https://www.jeffreyburns.com/wp-content/themes/JeffreyBurns/_media/assets/button-previous.png,file,https://www.jeffreyburns.com/,403,no/check,https://www.jeffreyburns.com/wp-content/themes/JeffreyBurns/_media/assets/button-previous.png,HEAD failed; GET failed: <HTTPError 403: 'Forbidden'>
Image 16: Play Meet Dr. Burns Video,https://www.jeffreyburns.com/wp-content/themes/JeffreyBurns/_media/assets/play-icon.png,file,https://www.jeffreyburns.com/,403,no/check,https://www.jeffreyburns.com/wp-content/themes/JeffreyBurns/_media/assets/play-icon.png,HEAD failed; GET failed: <HTTPError 403: 'Forbidden'>
Watch Video,https://www.jeffreyburns.com/wp-content/themes/JeffreyBurns/_media/exported-videos/Burns_DDS_-_About_Dr_Burns_V2-amsidehh0q.mp4,file,http://www.jeffreyburns.com/about-us/ ; http://www.jeffreyburns.com/patient-information/ ; http://www.jeffreyburns.com/patient-information/care-credit/ ; http://www.jeffreyburns.com/patient-information/insurance/ ; http://www.jeffreyburns.com/patient-information/new-patients/ ; http://www.jeffreyburns.com/patient-information/patient-education/ ; http://www.jeffreyburns.com/patient-information/patient-registration/ ; http://www.jeffreyburns.com/patient-information/scheduling/ ; http://www.jeffreyburns.com/restorative-dentistry/ ; http://www.jeffreyburns.com/restorative-dentistry/dental-fillings/ ; +20 more,403,no/check,https://www.jeffreyburns.com/wp-content/themes/JeffreyBurns/_media/exported-videos/Burns_DDS_-_About_Dr_Burns_V2-amsidehh0q.mp4,HEAD failed; GET failed: <HTTPError 403: 'Forbidden'>
Video 4,https://www.jeffreyburns.com/wp-content/themes/JeffreyBurns/_media/exported-videos/Burns_DDS_-_Crowns_and_Bridges_V5-ctr0cg44xc.mp4,file,https://www.jeffreyburns.com/restorative-dentistry/dental-bridges/,403,no/check,https://www.jeffreyburns.com/wp-content/themes/JeffreyBurns/_media/exported-videos/Burns_DDS_-_Crowns_and_Bridges_V5-ctr0cg44xc.mp4,HEAD failed; GET failed: <HTTPError 403: 'Forbidden'>
Video 17,https://www.jeffreyburns.com/wp-content/themes/JeffreyBurns/_media/exported-videos/Testimonial_1_V5-ecmativvs7.mp4,file,https://www.jeffreyburns.com/patient-information/dental-testimonials/,403,no/check,https://www.jeffreyburns.com/wp-content/themes/JeffreyBurns/_media/exported-videos/Testimonial_1_V5-ecmativvs7.mp4,HEAD failed; GET failed: <HTTPError 403: 'Forbidden'>
Video 14,https://www.jeffreyburns.com/wp-content/themes/JeffreyBurns/_media/exported-videos/Testimonial_2_V5-5jh4it424o.mp4,file,https://www.jeffreyburns.com/patient-information/dental-testimonials/,403,no/check,https://www.jeffreyburns.com/wp-content/themes/JeffreyBurns/_media/exported-videos/Testimonial_2_V5-5jh4it424o.mp4,HEAD failed; GET failed: <HTTPError 403: 'Forbidden'>
Video 13,https://www.jeffreyburns.com/wp-content/themes/JeffreyBurns/_media/exported-videos/Testimonial_3_V5-n0x734x7k4.mp4,file,https://www.jeffreyburns.com/patient-information/dental-testimonials/,403,no/check,https://www.jeffreyburns.com/wp-content/themes/JeffreyBurns/_media/exported-videos/Testimonial_3_V5-n0x734x7k4.mp4,HEAD failed; GET failed: <HTTPError 403: 'Forbidden'>
Video 16,https://www.jeffreyburns.com/wp-content/themes/JeffreyBurns/_media/exported-videos/Testimonial_4_V5-9vr2q86wws.mp4,file,https://www.jeffreyburns.com/patient-information/dental-testimonials/,403,no/check,https://www.jeffreyburns.com/wp-content/themes/JeffreyBurns/_media/exported-videos/Testimonial_4_V5-9vr2q86wws.mp4,HEAD failed; GET failed: <HTTPError 403: 'Forbidden'>
Video 15,https://www.jeffreyburns.com/wp-content/themes/JeffreyBurns/_media/exported-videos/Testimonial_6_V5-6dchbjy0bl.mp4,file,https://www.jeffreyburns.com/patient-information/dental-testimonials/,403,no/check,https://www.jeffreyburns.com/wp-content/themes/JeffreyBurns/_media/exported-videos/Testimonial_6_V5-6dchbjy0bl.mp4,HEAD failed; GET failed: <HTTPError 403: 'Forbidden'>
Video 12 | Video 2 | Video 4,https://www.jeffreyburns.com/wp-content/themes/JeffreyBurns/_media/exported-videos/Web%20Banner%20V6-cvyesk4svu.mp4,file,http://www.jeffreyburns.com/about-us/ ; http://www.jeffreyburns.com/patient-information/ ; http://www.jeffreyburns.com/patient-information/care-credit/ ; http://www.jeffreyburns.com/patient-information/insurance/ ; http://www.jeffreyburns.com/patient-information/new-patients/ ; http://www.jeffreyburns.com/patient-information/patient-education/ ; http://www.jeffreyburns.com/patient-information/patient-registration/ ; http://www.jeffreyburns.com/patient-information/scheduling/ ; http://www.jeffreyburns.com/restorative-dentistry/ ; http://www.jeffreyburns.com/restorative-dentistry/dental-fillings/ ; +20 more,403,no/check,https://www.jeffreyburns.com/wp-content/themes/JeffreyBurns/_media/exported-videos/Web%20Banner%20V6-cvyesk4svu.mp4,HEAD failed; GET failed: <HTTPError 403: 'Forbidden'>
Image 3: Dr. Burns and the staff posing Jeffrey S. Burns DDS,https://www.jeffreyburns.com/wp-content/uploads/2019/05/DSC01658-e1582043310592.jpg,file,http://www.jeffreyburns.com/about-us/,403,no/check,https://www.jeffreyburns.com/wp-content/uploads/2019/05/DSC01658-e1582043310592.jpg,HEAD failed; GET failed: <HTTPError 403: 'Forbidden'>
"Image 5: Teri - Financial, Insurance & Treatment Coordinator at Jeffrey S. Burns DDS",https://www.jeffreyburns.com/wp-content/uploads/2019/05/DSC06003-e1621369347860.jpg,file,https://www.jeffreyburns.com/about-us/meet-the-staff/,403,no/check,https://www.jeffreyburns.com/wp-content/uploads/2019/05/DSC06003-e1621369347860.jpg,HEAD failed; GET failed: <HTTPError 403: 'Forbidden'>
"Image 4: Sara - CDA, DA II, and Lab Coordinator at Jeffrey S. Burns DDS",https://www.jeffreyburns.com/wp-content/uploads/2019/05/DSC06026.jpg,file,https://www.jeffreyburns.com/about-us/meet-the-staff/,403,no/check,https://www.jeffreyburns.com/wp-content/uploads/2019/05/DSC06026.jpg,HEAD failed; GET failed: <HTTPError 403: 'Forbidden'>
Image 2: Megan - RDH at Jeffrey S. Burns DDS,https://www.jeffreyburns.com/wp-content/uploads/2019/05/DSC06046.jpg,file,https://www.jeffreyburns.com/about-us/meet-the-staff/,403,no/check,https://www.jeffreyburns.com/wp-content/uploads/2019/05/DSC06046.jpg,HEAD failed; GET failed: <HTTPError 403: 'Forbidden'>
Image 3: calendar with dentist appointment note on it,"https://www.jeffreyburns.com/wp-content/uploads/2019/10/calendar-dentist-appointment-1.jpg?resize=300,200",file,http://www.jeffreyburns.com/patient-information/scheduling/ ; https://www.jeffreyburns.com/patient-information/scheduling/,403,no/check,"https://www.jeffreyburns.com/wp-content/uploads/2019/10/calendar-dentist-appointment-1.jpg?resize=300,200",HEAD failed; GET failed: <HTTPError 403: 'Forbidden'>
Image 3: dental x-ray,https://www.jeffreyburns.com/wp-content/uploads/2019/10/first-visit-1.jpg,file,https://www.jeffreyburns.com/patient-information/first-visit/,403,no/check,https://www.jeffreyburns.com/wp-content/uploads/2019/10/first-visit-1.jpg,HEAD failed; GET failed: <HTTPError 403: 'Forbidden'>
Image 3: smiling man at dental office,https://www.jeffreyburns.com/wp-content/uploads/2019/10/happy-pt-e1571259560666-1.jpg,file,http://www.jeffreyburns.com/patient-information/new-patients/,403,no/check,https://www.jeffreyburns.com/wp-content/uploads/2019/10/happy-pt-e1571259560666-1.jpg,HEAD failed; GET failed: <HTTPError 403: 'Forbidden'>
Image 19: Dr Burns in front of computer monitor,"https://www.jeffreyburns.com/wp-content/uploads/2019/10/implants-thumbnail.png?resize=1024,536",file,https://www.jeffreyburns.com/,403,no/check,"https://www.jeffreyburns.com/wp-content/uploads/2019/10/implants-thumbnail.png?resize=1024,536",HEAD failed; GET failed: <HTTPError 403: 'Forbidden'>
Image 3: woman entering insurance information into a computer,https://www.jeffreyburns.com/wp-content/uploads/2019/10/insurance-policy-1.jpg,file,http://www.jeffreyburns.com/patient-information/insurance/ ; https://www.jeffreyburns.com/patient-information/insurance/,403,no/check,https://www.jeffreyburns.com/wp-content/uploads/2019/10/insurance-policy-1.jpg,HEAD failed; GET failed: <HTTPError 403: 'Forbidden'>
Link to Jeffrey S. Burns DDS home page,https://www.jeffreyburns.com/wp-content/uploads/2019/10/logo.png,file,http://www.jeffreyburns.com/about-us/ ; http://www.jeffreyburns.com/patient-information/ ; http://www.jeffreyburns.com/patient-information/care-credit/ ; http://www.jeffreyburns.com/patient-information/dental-testimonials/ ; http://www.jeffreyburns.com/patient-information/insurance/ ; http://www.jeffreyburns.com/patient-information/new-patients/ ; http://www.jeffreyburns.com/patient-information/patient-education/ ; http://www.jeffreyburns.com/patient-information/patient-registration/ ; http://www.jeffreyburns.com/patient-information/scheduling/ ; http://www.jeffreyburns.com/restorative-dentistry/ ; +21 more,403,no/check,https://www.jeffreyburns.com/wp-content/uploads/2019/10/logo.png,HEAD failed; GET failed: <HTTPError 403: 'Forbidden'>
Image 1: man flossing teeth,https://www.jeffreyburns.com/wp-content/uploads/2019/10/man-flossing-teeth-1.jpg,file,https://www.jeffreyburns.com/preventative-care/oral-hygiene/,403,no/check,https://www.jeffreyburns.com/wp-content/uploads/2019/10/man-flossing-teeth-1.jpg,HEAD failed; GET failed: <HTTPError 403: 'Forbidden'>
Google map showing office of Jeffrey S Burns DDS,"https://www.jeffreyburns.com/wp-content/uploads/2019/10/map.png?resize=1024,253",file,http://www.jeffreyburns.com/about-us/ ; http://www.jeffreyburns.com/patient-information/ ; http://www.jeffreyburns.com/patient-information/care-credit/ ; http://www.jeffreyburns.com/patient-information/insurance/ ; http://www.jeffreyburns.com/patient-information/new-patients/ ; http://www.jeffreyburns.com/patient-information/patient-education/ ; http://www.jeffreyburns.com/patient-information/patient-registration/ ; http://www.jeffreyburns.com/patient-information/scheduling/ ; http://www.jeffreyburns.com/restorative-dentistry/ ; http://www.jeffreyburns.com/restorative-dentistry/dental-fillings/ ; +17 more,403,no/check,"https://www.jeffreyburns.com/wp-content/uploads/2019/10/map.png?resize=1024,253",HEAD failed; GET failed: <HTTPError 403: 'Forbidden'>
Image 15: Dr. Jeffery Burns Office | Image 5: Dr. Jeffery Burns Office | Image 6: Dr. Jeffery Burns Office | Image 7: Dr. Jeffery Burns Office,https://www.jeffreyburns.com/wp-content/uploads/2019/10/office.png,file,http://www.jeffreyburns.com/about-us/ ; http://www.jeffreyburns.com/patient-information/ ; http://www.jeffreyburns.com/patient-information/care-credit/ ; http://www.jeffreyburns.com/patient-information/insurance/ ; http://www.jeffreyburns.com/patient-information/new-patients/ ; http://www.jeffreyburns.com/patient-information/patient-education/ ; http://www.jeffreyburns.com/patient-information/patient-registration/ ; http://www.jeffreyburns.com/patient-information/scheduling/ ; http://www.jeffreyburns.com/restorative-dentistry/ ; http://www.jeffreyburns.com/restorative-dentistry/dental-fillings/ ; +17 more,403,no/check,https://www.jeffreyburns.com/wp-content/uploads/2019/10/office.png,HEAD failed; GET failed: <HTTPError 403: 'Forbidden'>
Image 2: a patient history form,https://www.jeffreyburns.com/wp-content/uploads/2019/10/patient-registration-1.jpg,file,http://www.jeffreyburns.com/patient-information/patient-registration/,403,no/check,https://www.jeffreyburns.com/wp-content/uploads/2019/10/patient-registration-1.jpg,HEAD failed; GET failed: <HTTPError 403: 'Forbidden'>
Image 12: Dr. Jeffery Burns Side Logo | Image 2: Dr. Jeffery Burns Side Logo | Image 3: Dr. Jeffery Burns Side Logo | Image 4: Dr. Jeffery Burns Side Logo,https://www.jeffreyburns.com/wp-content/uploads/2019/10/side-logo.png,file,http://www.jeffreyburns.com/about-us/ ; http://www.jeffreyburns.com/patient-information/ ; http://www.jeffreyburns.com/patient-information/care-credit/ ; http://www.jeffreyburns.com/patient-information/insurance/ ; http://www.jeffreyburns.com/patient-information/new-patients/ ; http://www.jeffreyburns.com/patient-information/patient-education/ ; http://www.jeffreyburns.com/patient-information/patient-registration/ ; http://www.jeffreyburns.com/patient-information/scheduling/ ; http://www.jeffreyburns.com/restorative-dentistry/ ; http://www.jeffreyburns.com/restorative-dentistry/dental-fillings/ ; +17 more,403,no/check,https://www.jeffreyburns.com/wp-content/uploads/2019/10/side-logo.png,HEAD failed; GET failed: <HTTPError 403: 'Forbidden'>
Image 34,https://www.jeffreyburns.com/wp-content/uploads/2020/04/care-1.jpg,file,https://www.jeffreyburns.com/,403,no/check,https://www.jeffreyburns.com/wp-content/uploads/2020/04/care-1.jpg,HEAD failed; GET failed: <HTTPError 403: 'Forbidden'>
Image 35,https://www.jeffreyburns.com/wp-content/uploads/2020/04/care-2.jpg,file,https://www.jeffreyburns.com/,403,no/check,https://www.jeffreyburns.com/wp-content/uploads/2020/04/care-2.jpg,HEAD failed; GET failed: <HTTPError 403: 'Forbidden'>
Image 36,https://www.jeffreyburns.com/wp-content/uploads/2020/04/care-3.jpg,file,https://www.jeffreyburns.com/,403,no/check,https://www.jeffreyburns.com/wp-content/uploads/2020/04/care-3.jpg,HEAD failed; GET failed: <HTTPError 403: 'Forbidden'>
Image 20,"https://www.jeffreyburns.com/wp-content/uploads/2020/04/cosmetic-dentistry.jpg?resize=1024,536",file,https://www.jeffreyburns.com/,403,no/check,"https://www.jeffreyburns.com/wp-content/uploads/2020/04/cosmetic-dentistry.jpg?resize=1024,536",HEAD failed; GET failed: <HTTPError 403: 'Forbidden'>
Image 21,"https://www.jeffreyburns.com/wp-content/uploads/2020/04/hour-glass.jpg?resize=1024,536",file,https://www.jeffreyburns.com/,403,no/check,"https://www.jeffreyburns.com/wp-content/uploads/2020/04/hour-glass.jpg?resize=1024,536",HEAD failed; GET failed: <HTTPError 403: 'Forbidden'>
![Image 40,"https://www.jeffreyburns.com/wp-content/uploads/2020/04/map.jpg?resize=1024,253",file,https://www.jeffreyburns.com/,403,no/check,"https://www.jeffreyburns.com/wp-content/uploads/2020/04/map.jpg?resize=1024,253",HEAD failed; GET failed: <HTTPError 403: 'Forbidden'>
Image 37,https://www.jeffreyburns.com/wp-content/uploads/2020/04/medspa1.jpg,file,https://www.jeffreyburns.com/,403,no/check,https://www.jeffreyburns.com/wp-content/uploads/2020/04/medspa1.jpg,HEAD failed; GET failed: <HTTPError 403: 'Forbidden'>
Image 42: Dr. Jeffery Burns Office,https://www.jeffreyburns.com/wp-content/uploads/2020/04/office.jpg,file,https://www.jeffreyburns.com/,403,no/check,https://www.jeffreyburns.com/wp-content/uploads/2020/04/office.jpg,HEAD failed; GET failed: <HTTPError 403: 'Forbidden'>
Image 29: video review thumbnail,https://www.jeffreyburns.com/wp-content/uploads/2020/04/review1.jpg,file,https://www.jeffreyburns.com/,403,no/check,https://www.jeffreyburns.com/wp-content/uploads/2020/04/review1.jpg,HEAD failed; GET failed: <HTTPError 403: 'Forbidden'>
Image 22,"https://www.jeffreyburns.com/wp-content/uploads/2020/04/review1.jpg?resize=1024,573",file,https://www.jeffreyburns.com/,403,no/check,"https://www.jeffreyburns.com/wp-content/uploads/2020/04/review1.jpg?resize=1024,573",HEAD failed; GET failed: <HTTPError 403: 'Forbidden'>
Image 30: video review thumbnail,https://www.jeffreyburns.com/wp-content/uploads/2020/04/review2.jpg,file,https://www.jeffreyburns.com/,403,no/check,https://www.jeffreyburns.com/wp-content/uploads/2020/04/review2.jpg,HEAD failed; GET failed: <HTTPError 403: 'Forbidden'>
Image 23,"https://www.jeffreyburns.com/wp-content/uploads/2020/04/review2.jpg?resize=1024,572",file,https://www.jeffreyburns.com/,403,no/check,"https://www.jeffreyburns.com/wp-content/uploads/2020/04/review2.jpg?resize=1024,572",HEAD failed; GET failed: <HTTPError 403: 'Forbidden'>
Image 31: video review thumbnail,https://www.jeffreyburns.com/wp-content/uploads/2020/04/review3.jpg,file,https://www.jeffreyburns.com/,403,no/check,https://www.jeffreyburns.com/wp-content/uploads/2020/04/review3.jpg,HEAD failed; GET failed: <HTTPError 403: 'Forbidden'>
Image 24,"https://www.jeffreyburns.com/wp-content/uploads/2020/04/review3.jpg?resize=1024,573",file,https://www.jeffreyburns.com/,403,no/check,"https://www.jeffreyburns.com/wp-content/uploads/2020/04/review3.jpg?resize=1024,573",HEAD failed; GET failed: <HTTPError 403: 'Forbidden'>
Image 32: video review thumbnail,https://www.jeffreyburns.com/wp-content/uploads/2020/04/review4.jpg,file,https://www.jeffreyburns.com/,403,no/check,https://www.jeffreyburns.com/wp-content/uploads/2020/04/review4.jpg,HEAD failed; GET failed: <HTTPError 403: 'Forbidden'>
Image 25,"https://www.jeffreyburns.com/wp-content/uploads/2020/04/review4.jpg?resize=1024,573",file,https://www.jeffreyburns.com/,403,no/check,"https://www.jeffreyburns.com/wp-content/uploads/2020/04/review4.jpg?resize=1024,573",HEAD failed; GET failed: <HTTPError 403: 'Forbidden'>
Image 33: video review thumbnail,https://www.jeffreyburns.com/wp-content/uploads/2020/04/review5.jpg,file,https://www.jeffreyburns.com/,403,no/check,https://www.jeffreyburns.com/wp-content/uploads/2020/04/review5.jpg,HEAD failed; GET failed: <HTTPError 403: 'Forbidden'>
Image 26,"https://www.jeffreyburns.com/wp-content/uploads/2020/04/review5.jpg?resize=1024,573",file,https://www.jeffreyburns.com/,403,no/check,"https://www.jeffreyburns.com/wp-content/uploads/2020/04/review5.jpg?resize=1024,573",HEAD failed; GET failed: <HTTPError 403: 'Forbidden'>
Image 39,https://www.jeffreyburns.com/wp-content/uploads/2020/04/spa-3.jpg,file,https://www.jeffreyburns.com/,403,no/check,https://www.jeffreyburns.com/wp-content/uploads/2020/04/spa-3.jpg,HEAD failed; GET failed: <HTTPError 403: 'Forbidden'>
Image 38,https://www.jeffreyburns.com/wp-content/uploads/2020/04/spa-new.jpg,file,https://www.jeffreyburns.com/,403,no/check,https://www.jeffreyburns.com/wp-content/uploads/2020/04/spa-new.jpg,HEAD failed; GET failed: <HTTPError 403: 'Forbidden'>
Image 14,https://www.jeffreyburns.com/wp-content/uploads/2020/04/welcome.jpg,file,https://www.jeffreyburns.com/,403,no/check,https://www.jeffreyburns.com/wp-content/uploads/2020/04/welcome.jpg,HEAD failed; GET failed: <HTTPError 403: 'Forbidden'>
Image 3: Ginger - Clinical Coordinator,https://www.jeffreyburns.com/wp-content/uploads/2024/02/Ginger-A-1.jpg,file,https://www.jeffreyburns.com/about-us/meet-the-staff/,403,no/check,https://www.jeffreyburns.com/wp-content/uploads/2024/02/Ginger-A-1.jpg,HEAD failed; GET failed: <HTTPError 403: 'Forbidden'>
Image 8: Katie - Expanded Function Dental Assistant,https://www.jeffreyburns.com/wp-content/uploads/2024/02/Katie-1.jpg,file,https://www.jeffreyburns.com/about-us/meet-the-staff/,403,no/check,https://www.jeffreyburns.com/wp-content/uploads/2024/02/Katie-1.jpg,HEAD failed; GET failed: <HTTPError 403: 'Forbidden'>
Image 1: Laurie - Hygiene Coordinator,https://www.jeffreyburns.com/wp-content/uploads/2024/02/Laurie-K-1.jpg,file,https://www.jeffreyburns.com/about-us/meet-the-staff/,403,no/check,https://www.jeffreyburns.com/wp-content/uploads/2024/02/Laurie-K-1.jpg,HEAD failed; GET failed: <HTTPError 403: 'Forbidden'>
Image 7: Tara - Patient Coordinator,https://www.jeffreyburns.com/wp-content/uploads/2024/02/Tara-W-1.jpg,file,https://www.jeffreyburns.com/about-us/meet-the-staff/,403,no/check,https://www.jeffreyburns.com/wp-content/uploads/2024/02/Tara-W-1.jpg,HEAD failed; GET failed: <HTTPError 403: 'Forbidden'>
Image 6: Teresa - Patient Coordinator,https://www.jeffreyburns.com/wp-content/uploads/2024/02/Theresa-PC-1.jpg,file,https://www.jeffreyburns.com/about-us/meet-the-staff/,403,no/check,https://www.jeffreyburns.com/wp-content/uploads/2024/02/Theresa-PC-1.jpg,HEAD failed; GET failed: <HTTPError 403: 'Forbidden'>
Image 1: risks of delaying dental filling,https://www.jeffreyburns.com/wp-content/uploads/2025/07/risks-of-delaying-dental-filling.jpg,file,https://www.jeffreyburns.com/dental-filling-delay-risks/,403,no/check,https://www.jeffreyburns.com/wp-content/uploads/2025/07/risks-of-delaying-dental-filling.jpg,HEAD failed; GET failed: <HTTPError 403: 'Forbidden'>
Image 1: early gum disease symptoms,https://www.jeffreyburns.com/wp-content/uploads/2025/08/early-gum-disease-symptoms.jpg,file,https://www.jeffreyburns.com/early-gum-disease-signs/,403,no/check,https://www.jeffreyburns.com/wp-content/uploads/2025/08/early-gum-disease-symptoms.jpg,HEAD failed; GET failed: <HTTPError 403: 'Forbidden'>
Image 15: Dental Implant Guide | Image 1: Dental Implant Guide,https://www.jeffreyburns.com/wp-content/uploads/2025/09/Burns-Mockup-3.webp,file,http://www.jeffreyburns.com/restorative-dentistry/dental-implants/dental-implants-faqs/ ; http://www.jeffreyburns.com/restorative-dentistry/dental-implants/overview-of-implant-placement/ ; https://www.jeffreyburns.com/ ; https://www.jeffreyburns.com/restorative-dentistry/dental-implants/after-implant-placement/ ; https://www.jeffreyburns.com/restorative-dentistry/dental-implants/cost-of-dental-implants/ ; https://www.jeffreyburns.com/restorative-dentistry/dental-implants/dental-implants-faqs/ ; https://www.jeffreyburns.com/restorative-dentistry/dental-implants/overview-of-implant-placement/ ; https://www.jeffreyburns.com/restorative-dentistry/dental-implants/replacing-missing-teeth/,403,no/check,https://www.jeffreyburns.com/wp-content/uploads/2025/09/Burns-Mockup-3.webp,HEAD failed; GET failed: <HTTPError 403: 'Forbidden'>
Image 1: dental crowns benefits,https://www.jeffreyburns.com/wp-content/uploads/2025/10/dental-crowns-benefits.jpg,file,https://www.jeffreyburns.com/importance-of-dental-crowns/,403,no/check,https://www.jeffreyburns.com/wp-content/uploads/2025/10/dental-crowns-benefits.jpg,HEAD failed; GET failed: <HTTPError 403: 'Forbidden'>
Image 1: dental implant consultation checklist,https://www.jeffreyburns.com/wp-content/uploads/2025/12/dental-implant-consultation-checklist.jpg,file,https://www.jeffreyburns.com/dental-implant-first-consultation/,403,no/check,https://www.jeffreyburns.com/wp-content/uploads/2025/12/dental-implant-consultation-checklist.jpg,HEAD failed; GET failed: <HTTPError 403: 'Forbidden'>
Image 1: all on four dental implants winchester va,https://www.jeffreyburns.com/wp-content/uploads/2026/01/all-on-four-dental-implants-winchester-va.jpg,file,https://www.jeffreyburns.com/factors-that-increase-implant-cost/,403,no/check,https://www.jeffreyburns.com/wp-content/uploads/2026/01/all-on-four-dental-implants-winchester-va.jpg,HEAD failed; GET failed: <HTTPError 403: 'Forbidden'>
Image 1: diet after dental implant surgery,https://www.jeffreyburns.com/wp-content/uploads/2026/01/diet-after-dental-implant-surgery.jpg,file,https://www.jeffreyburns.com/eating-habits-after-dental-implants/,403,no/check,https://www.jeffreyburns.com/wp-content/uploads/2026/01/diet-after-dental-implant-surgery.jpg,HEAD failed; GET failed: <HTTPError 403: 'Forbidden'>
Image 1: dental implant aftercare tips,https://www.jeffreyburns.com/wp-content/uploads/2026/04/dental-implant-aftercare-tips.jpg,file,https://www.jeffreyburns.com/caring-for-dental-implants-first-year/,403,no/check,https://www.jeffreyburns.com/wp-content/uploads/2026/04/dental-implant-aftercare-tips.jpg,HEAD failed; GET failed: <HTTPError 403: 'Forbidden'>
Image 1: dental implants jawbone preservation,https://www.jeffreyburns.com/wp-content/uploads/2026/05/dental-implants-jawbone-preservation.jpg,file,https://www.jeffreyburns.com/dental-implants-jawbone-preservation/,403,no/check,https://www.jeffreyburns.com/wp-content/uploads/2026/05/dental-implants-jawbone-preservation.jpg,HEAD failed; GET failed: <HTTPError 403: 'Forbidden'>
Image 1: porcelain veneers winchester va,https://www.jeffreyburns.com/wp-content/uploads/2026/05/porcelain-veneers-winchester-va.jpg,file,https://www.jeffreyburns.com/full-mouth-implants-bite-function/,403,no/check,https://www.jeffreyburns.com/wp-content/uploads/2026/05/porcelain-veneers-winchester-va.jpg,HEAD failed; GET failed: <HTTPError 403: 'Forbidden'>
Image 1: dental implant cost factors,https://www.jeffreyburns.com/wp-content/uploads/2026/07/dental-implant-cost-factors.jpg,file,https://www.jeffreyburns.com/dental-implants-cost-basics/,403,no/check,https://www.jeffreyburns.com/wp-content/uploads/2026/07/dental-implant-cost-factors.jpg,HEAD failed; GET failed: <HTTPError 403: 'Forbidden'>
Request an Appointment | Schedule an appointment,http://www.jeffreyburns.com/?gform=1&modal,internal,http://www.jeffreyburns.com/about-us/ ; http://www.jeffreyburns.com/patient-information/care-credit/ ; http://www.jeffreyburns.com/patient-information/new-patients/ ; http://www.jeffreyburns.com/patient-information/patient-education/ ; http://www.jeffreyburns.com/patient-information/patient-registration/ ; http://www.jeffreyburns.com/patient-information/scheduling/ ; http://www.jeffreyburns.com/restorative-dentistry/ ; http://www.jeffreyburns.com/restorative-dentistry/dental-fillings/ ; http://www.jeffreyburns.com/restorative-dentistry/dentures/ ; http://www.jeffreyburns.com/restorative-dentistry/root-canal/,500,no/check,http://www.jeffreyburns.com/?gform=1&modal,checked via Jina Reader (direct browser hit shows Cloudflare challenge)
Cosmetic Dentistry | Skip to main content,http://www.jeffreyburns.com/about-us/,internal,http://www.jeffreyburns.com/about-us/,200,yes,http://www.jeffreyburns.com/about-us/,checked via Jina Reader (direct browser hit shows Cloudflare challenge)
,http://www.jeffreyburns.com/about-us/advanced-technology/,internal,http://www.jeffreyburns.com/about-us/advanced-technology/,200,yes,http://www.jeffreyburns.com/about-us/advanced-technology/,checked via Jina Reader (direct browser hit shows Cloudflare challenge)
Cosmetic Dentistry | Request an Appointment | Schedule an appointment | Skip to main content,http://www.jeffreyburns.com/patient-information/,internal,http://www.jeffreyburns.com/patient-information/,200,yes,http://www.jeffreyburns.com/patient-information/,checked via Jina Reader (direct browser hit shows Cloudflare challenge)
Cosmetic Dentistry | Skip to main content,http://www.jeffreyburns.com/patient-information/care-credit/,internal,http://www.jeffreyburns.com/patient-information/care-credit/,200,yes,http://www.jeffreyburns.com/patient-information/care-credit/,checked via Jina Reader (direct browser hit shows Cloudflare challenge)
,http://www.jeffreyburns.com/patient-information/dental-testimonials/,internal,http://www.jeffreyburns.com/patient-information/dental-testimonials/,200,yes,http://www.jeffreyburns.com/patient-information/dental-testimonials/,checked via Jina Reader (direct browser hit shows Cloudflare challenge)
Cosmetic Dentistry | Request an Appointment | Schedule an appointment | Skip to main content,http://www.jeffreyburns.com/patient-information/insurance/,internal,http://www.jeffreyburns.com/patient-information/insurance/,blocked/rate-limited,present-on-site / verify-blocked,http://www.jeffreyburns.com/patient-information/insurance/,URL was extracted from sitemap/live rendered text; independent HTTP verification blocked by Cloudflare/Jina rate limiting.
Cosmetic Dentistry | Skip to main content,http://www.jeffreyburns.com/patient-information/new-patients/,internal,http://www.jeffreyburns.com/patient-information/new-patients/,200,yes,http://www.jeffreyburns.com/patient-information/new-patients/,checked via Jina Reader (direct browser hit shows Cloudflare challenge)
Cosmetic Dentistry | Return To Top ↑ | Skip to main content,http://www.jeffreyburns.com/patient-information/patient-education/,internal,http://www.jeffreyburns.com/patient-information/patient-education/,blocked/rate-limited,present-on-site / verify-blocked,http://www.jeffreyburns.com/patient-information/patient-education/,URL was extracted from sitemap/live rendered text; independent HTTP verification blocked by Cloudflare/Jina rate limiting.
Cosmetic Dentistry | Skip to main content,http://www.jeffreyburns.com/patient-information/patient-registration/,internal,http://www.jeffreyburns.com/patient-information/patient-registration/,blocked/rate-limited,present-on-site / verify-blocked,http://www.jeffreyburns.com/patient-information/patient-registration/,URL was extracted from sitemap/live rendered text; independent HTTP verification blocked by Cloudflare/Jina rate limiting.
Cosmetic Dentistry | Skip to main content | appointment form,http://www.jeffreyburns.com/patient-information/scheduling/,internal,http://www.jeffreyburns.com/patient-information/scheduling/,blocked/rate-limited,present-on-site / verify-blocked,http://www.jeffreyburns.com/patient-information/scheduling/,URL was extracted from sitemap/live rendered text; independent HTTP verification blocked by Cloudflare/Jina rate limiting.
Cosmetic Dentistry | Skip to main content,http://www.jeffreyburns.com/restorative-dentistry/,internal,http://www.jeffreyburns.com/restorative-dentistry/,blocked/rate-limited,present-on-site / verify-blocked,http://www.jeffreyburns.com/restorative-dentistry/,URL was extracted from sitemap/live rendered text; independent HTTP verification blocked by Cloudflare/Jina rate limiting.
,http://www.jeffreyburns.com/restorative-dentistry/cerec/,internal,http://www.jeffreyburns.com/restorative-dentistry/cerec/,blocked/rate-limited,present-on-site / verify-blocked,http://www.jeffreyburns.com/restorative-dentistry/cerec/,URL was extracted from sitemap/live rendered text; independent HTTP verification blocked by Cloudflare/Jina rate limiting.
Cosmetic Dentistry | Skip to main content,http://www.jeffreyburns.com/restorative-dentistry/dental-fillings/,internal,http://www.jeffreyburns.com/restorative-dentistry/dental-fillings/,blocked/rate-limited,present-on-site / verify-blocked,http://www.jeffreyburns.com/restorative-dentistry/dental-fillings/,URL was extracted from sitemap/live rendered text; independent HTTP verification blocked by Cloudflare/Jina rate limiting.
,http://www.jeffreyburns.com/restorative-dentistry/dental-implants/dental-implants-faqs/,internal,http://www.jeffreyburns.com/restorative-dentistry/dental-implants/dental-implants-faqs/,blocked/rate-limited,present-on-site / verify-blocked,http://www.jeffreyburns.com/restorative-dentistry/dental-implants/dental-implants-faqs/,URL was extracted from sitemap/live rendered text; independent HTTP verification blocked by Cloudflare/Jina rate limiting.
,http://www.jeffreyburns.com/restorative-dentistry/dental-implants/overview-of-implant-placement/,internal,http://www.jeffreyburns.com/restorative-dentistry/dental-implants/overview-of-implant-placement/,blocked/rate-limited,present-on-site / verify-blocked,http://www.jeffreyburns.com/restorative-dentistry/dental-implants/overview-of-implant-placement/,URL was extracted from sitemap/live rendered text; independent HTTP verification blocked by Cloudflare/Jina rate limiting.
Cosmetic Dentistry | Skip to main content,http://www.jeffreyburns.com/restorative-dentistry/dentures/,internal,http://www.jeffreyburns.com/restorative-dentistry/dentures/,blocked/rate-limited,present-on-site / verify-blocked,http://www.jeffreyburns.com/restorative-dentistry/dentures/,URL was extracted from sitemap/live rendered text; independent HTTP verification blocked by Cloudflare/Jina rate limiting.
,http://www.jeffreyburns.com/restorative-dentistry/l-prf-grafting-and-osstell-idx/,internal,http://www.jeffreyburns.com/restorative-dentistry/l-prf-grafting-and-osstell-idx/,blocked/rate-limited,present-on-site / verify-blocked,http://www.jeffreyburns.com/restorative-dentistry/l-prf-grafting-and-osstell-idx/,URL was extracted from sitemap/live rendered text; independent HTTP verification blocked by Cloudflare/Jina rate limiting.
Cosmetic Dentistry | Skip to main content,http://www.jeffreyburns.com/restorative-dentistry/root-canal/,internal,http://www.jeffreyburns.com/restorative-dentistry/root-canal/,blocked/rate-limited,present-on-site / verify-blocked,http://www.jeffreyburns.com/restorative-dentistry/root-canal/,URL was extracted from sitemap/live rendered text; independent HTTP verification blocked by Cloudflare/Jina rate limiting.
Map to Our office,https://jeffreyburns.com/contact-us/,internal,http://www.jeffreyburns.com/about-us/ ; http://www.jeffreyburns.com/patient-information/ ; http://www.jeffreyburns.com/patient-information/care-credit/ ; http://www.jeffreyburns.com/patient-information/insurance/ ; http://www.jeffreyburns.com/patient-information/new-patients/ ; http://www.jeffreyburns.com/patient-information/patient-education/ ; http://www.jeffreyburns.com/patient-information/patient-registration/ ; http://www.jeffreyburns.com/patient-information/scheduling/ ; http://www.jeffreyburns.com/restorative-dentistry/ ; http://www.jeffreyburns.com/restorative-dentistry/dental-fillings/ ; +19 more,blocked/rate-limited,present-on-site / verify-blocked,https://jeffreyburns.com/contact-us/,URL was extracted from sitemap/live rendered text; independent HTTP verification blocked by Cloudflare/Jina rate limiting.
Download Patient Forms,https://jeffreyburns.com/patient-information/patient-registration/,internal,http://www.jeffreyburns.com/about-us/ ; http://www.jeffreyburns.com/patient-information/ ; http://www.jeffreyburns.com/patient-information/care-credit/ ; http://www.jeffreyburns.com/patient-information/insurance/ ; http://www.jeffreyburns.com/patient-information/new-patients/ ; http://www.jeffreyburns.com/patient-information/patient-education/ ; http://www.jeffreyburns.com/patient-information/patient-registration/ ; http://www.jeffreyburns.com/patient-information/scheduling/ ; http://www.jeffreyburns.com/restorative-dentistry/ ; http://www.jeffreyburns.com/restorative-dentistry/dental-fillings/ ; +19 more,blocked/rate-limited,present-on-site / verify-blocked,https://jeffreyburns.com/patient-information/patient-registration/,URL was extracted from sitemap/live rendered text; independent HTTP verification blocked by Cloudflare/Jina rate limiting.
Write a Review,https://jeffreyburns.com/patient-information/patient-review-form/,internal,http://www.jeffreyburns.com/about-us/ ; http://www.jeffreyburns.com/patient-information/ ; http://www.jeffreyburns.com/patient-information/care-credit/ ; http://www.jeffreyburns.com/patient-information/insurance/ ; http://www.jeffreyburns.com/patient-information/new-patients/ ; http://www.jeffreyburns.com/patient-information/patient-education/ ; http://www.jeffreyburns.com/patient-information/patient-registration/ ; http://www.jeffreyburns.com/patient-information/scheduling/ ; http://www.jeffreyburns.com/restorative-dentistry/ ; http://www.jeffreyburns.com/restorative-dentistry/dental-fillings/ ; +19 more,blocked/rate-limited,present-on-site / verify-blocked,https://jeffreyburns.com/patient-information/patient-review-form/,URL was extracted from sitemap/live rendered text; independent HTTP verification blocked by Cloudflare/Jina rate limiting.
Read Patient Reviews,https://jeffreyburns.com/patient-information/testimonials/,internal,http://www.jeffreyburns.com/about-us/ ; http://www.jeffreyburns.com/patient-information/ ; http://www.jeffreyburns.com/patient-information/care-credit/ ; http://www.jeffreyburns.com/patient-information/insurance/ ; http://www.jeffreyburns.com/patient-information/new-patients/ ; http://www.jeffreyburns.com/patient-information/patient-education/ ; http://www.jeffreyburns.com/patient-information/patient-registration/ ; http://www.jeffreyburns.com/patient-information/scheduling/ ; http://www.jeffreyburns.com/restorative-dentistry/ ; http://www.jeffreyburns.com/restorative-dentistry/dental-fillings/ ; +19 more,200,yes,https://jeffreyburns.com/patient-information/testimonials/,checked via Jina Reader (direct browser hit shows Cloudflare challenge)
"Dr. Jeffrey Burns | Dr. Jeffrey Burns’ practice | Dr. Jeffrey S. Burns, DDS | Home | Jeffrey Burns, DDS | Jeffrey S. Burns | Learn more about More About Spa 122 | Request an Appointment | Skip to main content",https://www.jeffreyburns.com/,internal,http://www.jeffreyburns.com/about-us/ ; http://www.jeffreyburns.com/patient-information/ ; http://www.jeffreyburns.com/patient-information/care-credit/ ; http://www.jeffreyburns.com/patient-information/dental-testimonials/ ; http://www.jeffreyburns.com/patient-information/insurance/ ; http://www.jeffreyburns.com/patient-information/new-patients/ ; http://www.jeffreyburns.com/patient-information/patient-education/ ; http://www.jeffreyburns.com/patient-information/patient-registration/ ; http://www.jeffreyburns.com/patient-information/scheduling/ ; http://www.jeffreyburns.com/restorative-dentistry/ ; +34 more,200,yes,https://www.jeffreyburns.com/,checked via Jina Reader (direct browser hit shows Cloudflare challenge)
Request an Appointment | Schedule an appointment,https://www.jeffreyburns.com/?gform=1&modal,internal,https://www.jeffreyburns.com/category/blog/ ; https://www.jeffreyburns.com/category/uncategorized/ ; https://www.jeffreyburns.com/implant-tooth/ ; https://www.jeffreyburns.com/patient-information/first-visit/ ; https://www.jeffreyburns.com/patient-information/insurance/ ; https://www.jeffreyburns.com/patient-information/patient-education/ ; https://www.jeffreyburns.com/patient-information/scheduling/ ; https://www.jeffreyburns.com/patient-information/testimonials/ ; https://www.jeffreyburns.com/restorative-dentistry/dentures/denture-care/ ; https://www.jeffreyburns.com/restorative-dentistry/dentures/immediate-dentures/ ; +2 more,blocked/rate-limited,present-on-site / verify-blocked,https://www.jeffreyburns.com/?gform=1&modal,URL was extracted from sitemap/live rendered text; independent HTTP verification blocked by Cloudflare/Jina rate limiting.
About Us,https://www.jeffreyburns.com/about-us/,internal,http://www.jeffreyburns.com/about-us/ ; http://www.jeffreyburns.com/patient-information/ ; http://www.jeffreyburns.com/patient-information/care-credit/ ; http://www.jeffreyburns.com/patient-information/dental-testimonials/ ; http://www.jeffreyburns.com/patient-information/insurance/ ; http://www.jeffreyburns.com/patient-information/new-patients/ ; http://www.jeffreyburns.com/patient-information/patient-education/ ; http://www.jeffreyburns.com/patient-information/patient-registration/ ; http://www.jeffreyburns.com/patient-information/scheduling/ ; http://www.jeffreyburns.com/restorative-dentistry/ ; +21 more,blocked/rate-limited,present-on-site / verify-blocked,https://www.jeffreyburns.com/about-us/,URL was extracted from sitemap/live rendered text; independent HTTP verification blocked by Cloudflare/Jina rate limiting.
3D Imaging,https://www.jeffreyburns.com/about-us/3d-imaging/,internal,http://www.jeffreyburns.com/about-us/ ; http://www.jeffreyburns.com/patient-information/ ; http://www.jeffreyburns.com/patient-information/care-credit/ ; http://www.jeffreyburns.com/patient-information/dental-testimonials/ ; http://www.jeffreyburns.com/patient-information/insurance/ ; http://www.jeffreyburns.com/patient-information/new-patients/ ; http://www.jeffreyburns.com/patient-information/patient-education/ ; http://www.jeffreyburns.com/patient-information/patient-registration/ ; http://www.jeffreyburns.com/patient-information/scheduling/ ; http://www.jeffreyburns.com/restorative-dentistry/ ; +21 more,200,yes,https://www.jeffreyburns.com/about-us/3d-imaging/,checked via Jina Reader (direct browser hit shows Cloudflare challenge)
Advanced Technology,https://www.jeffreyburns.com/about-us/advanced-technology/,internal,http://www.jeffreyburns.com/about-us/ ; http://www.jeffreyburns.com/patient-information/ ; http://www.jeffreyburns.com/patient-information/care-credit/ ; http://www.jeffreyburns.com/patient-information/dental-testimonials/ ; http://www.jeffreyburns.com/patient-information/insurance/ ; http://www.jeffreyburns.com/patient-information/new-patients/ ; http://www.jeffreyburns.com/patient-information/patient-education/ ; http://www.jeffreyburns.com/patient-information/patient-registration/ ; http://www.jeffreyburns.com/patient-information/scheduling/ ; http://www.jeffreyburns.com/restorative-dentistry/ ; +21 more,blocked/rate-limited,present-on-site / verify-blocked,https://www.jeffreyburns.com/about-us/advanced-technology/,URL was extracted from sitemap/live rendered text; independent HTTP verification blocked by Cloudflare/Jina rate limiting.
Dr. Burns | Dr. Jeffrey Burns | Learn more about Meet Dr. Burns | Meet the Doctor,https://www.jeffreyburns.com/about-us/dr-jeffrey-burns/,internal,http://www.jeffreyburns.com/about-us/ ; http://www.jeffreyburns.com/patient-information/ ; http://www.jeffreyburns.com/patient-information/care-credit/ ; http://www.jeffreyburns.com/patient-information/dental-testimonials/ ; http://www.jeffreyburns.com/patient-information/insurance/ ; http://www.jeffreyburns.com/patient-information/new-patients/ ; http://www.jeffreyburns.com/patient-information/patient-education/ ; http://www.jeffreyburns.com/patient-information/patient-registration/ ; http://www.jeffreyburns.com/patient-information/scheduling/ ; http://www.jeffreyburns.com/restorative-dentistry/ ; +21 more,blocked/rate-limited,present-on-site / verify-blocked,https://www.jeffreyburns.com/about-us/dr-jeffrey-burns/,URL was extracted from sitemap/live rendered text; independent HTTP verification blocked by Cloudflare/Jina rate limiting.
Meet The Staff,https://www.jeffreyburns.com/about-us/meet-the-staff/,internal,http://www.jeffreyburns.com/about-us/ ; http://www.jeffreyburns.com/patient-information/ ; http://www.jeffreyburns.com/patient-information/care-credit/ ; http://www.jeffreyburns.com/patient-information/dental-testimonials/ ; http://www.jeffreyburns.com/patient-information/insurance/ ; http://www.jeffreyburns.com/patient-information/new-patients/ ; http://www.jeffreyburns.com/patient-information/patient-education/ ; http://www.jeffreyburns.com/patient-information/patient-registration/ ; http://www.jeffreyburns.com/patient-information/scheduling/ ; http://www.jeffreyburns.com/restorative-dentistry/ ; +22 more,blocked/rate-limited,present-on-site / verify-blocked,https://www.jeffreyburns.com/about-us/meet-the-staff/,URL was extracted from sitemap/live rendered text; independent HTTP verification blocked by Cloudflare/Jina rate limiting.
Whitney Oral Surgery,https://www.jeffreyburns.com/about-us/whitney-oral-surgery/,internal,http://www.jeffreyburns.com/about-us/ ; http://www.jeffreyburns.com/patient-information/ ; http://www.jeffreyburns.com/patient-information/care-credit/ ; http://www.jeffreyburns.com/patient-information/dental-testimonials/ ; http://www.jeffreyburns.com/patient-information/insurance/ ; http://www.jeffreyburns.com/patient-information/new-patients/ ; http://www.jeffreyburns.com/patient-information/patient-education/ ; http://www.jeffreyburns.com/patient-information/patient-registration/ ; http://www.jeffreyburns.com/patient-information/scheduling/ ; http://www.jeffreyburns.com/restorative-dentistry/ ; +21 more,blocked/rate-limited,present-on-site / verify-blocked,https://www.jeffreyburns.com/about-us/whitney-oral-surgery/,URL was extracted from sitemap/live rendered text; independent HTTP verification blocked by Cloudflare/Jina rate limiting.
Dr. James Whitney,https://www.jeffreyburns.com/about-us/whitney-oral-surgery/dr-james-whitney/,internal,http://www.jeffreyburns.com/about-us/ ; http://www.jeffreyburns.com/patient-information/ ; http://www.jeffreyburns.com/patient-information/care-credit/ ; http://www.jeffreyburns.com/patient-information/dental-testimonials/ ; http://www.jeffreyburns.com/patient-information/insurance/ ; http://www.jeffreyburns.com/patient-information/new-patients/ ; http://www.jeffreyburns.com/patient-information/patient-education/ ; http://www.jeffreyburns.com/patient-information/patient-registration/ ; http://www.jeffreyburns.com/patient-information/scheduling/ ; http://www.jeffreyburns.com/restorative-dentistry/ ; +21 more,200,yes,https://www.jeffreyburns.com/about-us/whitney-oral-surgery/dr-james-whitney/,checked via Jina Reader (direct browser hit shows Cloudflare challenge)
Information,https://www.jeffreyburns.com/about-us/whitney-oral-surgery/information/,internal,http://www.jeffreyburns.com/about-us/ ; http://www.jeffreyburns.com/patient-information/ ; http://www.jeffreyburns.com/patient-information/care-credit/ ; http://www.jeffreyburns.com/patient-information/dental-testimonials/ ; http://www.jeffreyburns.com/patient-information/insurance/ ; http://www.jeffreyburns.com/patient-information/new-patients/ ; http://www.jeffreyburns.com/patient-information/patient-education/ ; http://www.jeffreyburns.com/patient-information/patient-registration/ ; http://www.jeffreyburns.com/patient-information/scheduling/ ; http://www.jeffreyburns.com/restorative-dentistry/ ; +21 more,blocked/rate-limited,present-on-site / verify-blocked,https://www.jeffreyburns.com/about-us/whitney-oral-surgery/information/,URL was extracted from sitemap/live rendered text; independent HTTP verification blocked by Cloudflare/Jina rate limiting.
Oral Surgery Hours,https://www.jeffreyburns.com/about-us/whitney-oral-surgery/oral-surgery-hours/,internal,http://www.jeffreyburns.com/about-us/ ; http://www.jeffreyburns.com/patient-information/ ; http://www.jeffreyburns.com/patient-information/care-credit/ ; http://www.jeffreyburns.com/patient-information/dental-testimonials/ ; http://www.jeffreyburns.com/patient-information/insurance/ ; http://www.jeffreyburns.com/patient-information/new-patients/ ; http://www.jeffreyburns.com/patient-information/patient-education/ ; http://www.jeffreyburns.com/patient-information/patient-registration/ ; http://www.jeffreyburns.com/patient-information/scheduling/ ; http://www.jeffreyburns.com/restorative-dentistry/ ; +21 more,blocked/rate-limited,present-on-site / verify-blocked,https://www.jeffreyburns.com/about-us/whitney-oral-surgery/oral-surgery-hours/,URL was extracted from sitemap/live rendered text; independent HTTP verification blocked by Cloudflare/Jina rate limiting.
Blog,https://www.jeffreyburns.com/blog/,internal,http://www.jeffreyburns.com/about-us/ ; http://www.jeffreyburns.com/patient-information/ ; http://www.jeffreyburns.com/patient-information/care-credit/ ; http://www.jeffreyburns.com/patient-information/dental-testimonials/ ; http://www.jeffreyburns.com/patient-information/insurance/ ; http://www.jeffreyburns.com/patient-information/new-patients/ ; http://www.jeffreyburns.com/patient-information/patient-education/ ; http://www.jeffreyburns.com/patient-information/patient-registration/ ; http://www.jeffreyburns.com/patient-information/scheduling/ ; http://www.jeffreyburns.com/restorative-dentistry/ ; +21 more,blocked/rate-limited,present-on-site / verify-blocked,https://www.jeffreyburns.com/blog/,URL was extracted from sitemap/live rendered text; independent HTTP verification blocked by Cloudflare/Jina rate limiting.
,https://www.jeffreyburns.com/caring-for-dental-implants-first-year/,internal,https://www.jeffreyburns.com/caring-for-dental-implants-first-year/,blocked/rate-limited,present-on-site / verify-blocked,https://www.jeffreyburns.com/caring-for-dental-implants-first-year/,URL was extracted from sitemap/live rendered text; independent HTTP verification blocked by Cloudflare/Jina rate limiting.
Blog | Cosmetic Dentistry | Skip to main content,https://www.jeffreyburns.com/category/blog/,internal,https://www.jeffreyburns.com/category/blog/ ; https://www.jeffreyburns.com/implant-tooth/,blocked/rate-limited,present-on-site / verify-blocked,https://www.jeffreyburns.com/category/blog/,URL was extracted from sitemap/live rendered text; independent HTTP verification blocked by Cloudflare/Jina rate limiting.
Cosmetic Dentistry | Skip to main content | Uncategorized,https://www.jeffreyburns.com/category/uncategorized/,internal,https://www.jeffreyburns.com/category/uncategorized/ ; https://www.jeffreyburns.com/confidentdreamsmile/,500,no/check,https://www.jeffreyburns.com/category/uncategorized/,checked via Jina Reader (direct browser hit shows Cloudflare challenge)
Cosmetic Dentistry | Request an Appointment | Schedule an appointment | Skip to main content | www.jeffreyburns.com | “From Self-Conscious to Confident: A DreamSmile Transformation That Says It All”,https://www.jeffreyburns.com/confidentdreamsmile/,internal,https://www.jeffreyburns.com/confidentdreamsmile/,blocked/rate-limited,present-on-site / verify-blocked,https://www.jeffreyburns.com/confidentdreamsmile/,URL was extracted from sitemap/live rendered text; independent HTTP verification blocked by Cloudflare/Jina rate limiting.
"Contact Dr. Burns’ | Contact Us | Map to Our office | Schedule your visit today | a consultation | contact Jeffrey S. Burns, DDS | schedule a consultation | scheduling a consultation | scheduling a personalized consultation",https://www.jeffreyburns.com/contact-us/,internal,http://www.jeffreyburns.com/about-us/ ; http://www.jeffreyburns.com/patient-information/ ; http://www.jeffreyburns.com/patient-information/care-credit/ ; http://www.jeffreyburns.com/patient-information/dental-testimonials/ ; http://www.jeffreyburns.com/patient-information/insurance/ ; http://www.jeffreyburns.com/patient-information/new-patients/ ; http://www.jeffreyburns.com/patient-information/patient-education/ ; http://www.jeffreyburns.com/patient-information/patient-registration/ ; http://www.jeffreyburns.com/patient-information/scheduling/ ; http://www.jeffreyburns.com/restorative-dentistry/ ; +31 more,blocked/rate-limited,present-on-site / verify-blocked,https://www.jeffreyburns.com/contact-us/,URL was extracted from sitemap/live rendered text; independent HTTP verification blocked by Cloudflare/Jina rate limiting.
Elkton,https://www.jeffreyburns.com/contact-us/cosmetic-dentist-elkton-area/,internal,http://www.jeffreyburns.com/about-us/ ; http://www.jeffreyburns.com/patient-information/ ; http://www.jeffreyburns.com/patient-information/care-credit/ ; http://www.jeffreyburns.com/patient-information/dental-testimonials/ ; http://www.jeffreyburns.com/patient-information/insurance/ ; http://www.jeffreyburns.com/patient-information/new-patients/ ; http://www.jeffreyburns.com/patient-information/patient-education/ ; http://www.jeffreyburns.com/patient-information/patient-registration/ ; http://www.jeffreyburns.com/patient-information/scheduling/ ; http://www.jeffreyburns.com/restorative-dentistry/ ; +21 more,blocked/rate-limited,present-on-site / verify-blocked,https://www.jeffreyburns.com/contact-us/cosmetic-dentist-elkton-area/,URL was extracted from sitemap/live rendered text; independent HTTP verification blocked by Cloudflare/Jina rate limiting.
Broadway,https://www.jeffreyburns.com/contact-us/cosmetic-dentist-near-broadway/,internal,http://www.jeffreyburns.com/about-us/ ; http://www.jeffreyburns.com/patient-information/ ; http://www.jeffreyburns.com/patient-information/care-credit/ ; http://www.jeffreyburns.com/patient-information/dental-testimonials/ ; http://www.jeffreyburns.com/patient-information/insurance/ ; http://www.jeffreyburns.com/patient-information/new-patients/ ; http://www.jeffreyburns.com/patient-information/patient-education/ ; http://www.jeffreyburns.com/patient-information/patient-registration/ ; http://www.jeffreyburns.com/patient-information/scheduling/ ; http://www.jeffreyburns.com/restorative-dentistry/ ; +21 more,blocked/rate-limited,present-on-site / verify-blocked,https://www.jeffreyburns.com/contact-us/cosmetic-dentist-near-broadway/,URL was extracted from sitemap/live rendered text; independent HTTP verification blocked by Cloudflare/Jina rate limiting.
Luray,https://www.jeffreyburns.com/contact-us/cosmetic-dentist-near-luray/,internal,http://www.jeffreyburns.com/about-us/ ; http://www.jeffreyburns.com/patient-information/ ; http://www.jeffreyburns.com/patient-information/care-credit/ ; http://www.jeffreyburns.com/patient-information/dental-testimonials/ ; http://www.jeffreyburns.com/patient-information/insurance/ ; http://www.jeffreyburns.com/patient-information/new-patients/ ; http://www.jeffreyburns.com/patient-information/patient-education/ ; http://www.jeffreyburns.com/patient-information/patient-registration/ ; http://www.jeffreyburns.com/patient-information/scheduling/ ; http://www.jeffreyburns.com/restorative-dentistry/ ; +21 more,200,yes,https://www.jeffreyburns.com/contact-us/cosmetic-dentist-near-luray/,checked via Jina Reader (direct browser hit shows Cloudflare challenge)
Bridgewater,https://www.jeffreyburns.com/contact-us/dental-implants-dentist-near-bridgewater/,internal,http://www.jeffreyburns.com/about-us/ ; http://www.jeffreyburns.com/patient-information/ ; http://www.jeffreyburns.com/patient-information/care-credit/ ; http://www.jeffreyburns.com/patient-information/dental-testimonials/ ; http://www.jeffreyburns.com/patient-information/insurance/ ; http://www.jeffreyburns.com/patient-information/new-patients/ ; http://www.jeffreyburns.com/patient-information/patient-education/ ; http://www.jeffreyburns.com/patient-information/patient-registration/ ; http://www.jeffreyburns.com/patient-information/scheduling/ ; http://www.jeffreyburns.com/restorative-dentistry/ ; +21 more,blocked/rate-limited,present-on-site / verify-blocked,https://www.jeffreyburns.com/contact-us/dental-implants-dentist-near-bridgewater/,URL was extracted from sitemap/live rendered text; independent HTTP verification blocked by Cloudflare/Jina rate limiting.
Harrisonburg,https://www.jeffreyburns.com/contact-us/dental-implants-harrisonburg-area/,internal,http://www.jeffreyburns.com/about-us/ ; http://www.jeffreyburns.com/patient-information/ ; http://www.jeffreyburns.com/patient-information/care-credit/ ; http://www.jeffreyburns.com/patient-information/dental-testimonials/ ; http://www.jeffreyburns.com/patient-information/insurance/ ; http://www.jeffreyburns.com/patient-information/new-patients/ ; http://www.jeffreyburns.com/patient-information/patient-education/ ; http://www.jeffreyburns.com/patient-information/patient-registration/ ; http://www.jeffreyburns.com/patient-information/scheduling/ ; http://www.jeffreyburns.com/restorative-dentistry/ ; +21 more,blocked/rate-limited,present-on-site / verify-blocked,https://www.jeffreyburns.com/contact-us/dental-implants-harrisonburg-area/,URL was extracted from sitemap/live rendered text; independent HTTP verification blocked by Cloudflare/Jina rate limiting.
Timberville,https://www.jeffreyburns.com/contact-us/dental-implants-timberville-va/,internal,http://www.jeffreyburns.com/about-us/ ; http://www.jeffreyburns.com/patient-information/ ; http://www.jeffreyburns.com/patient-information/care-credit/ ; http://www.jeffreyburns.com/patient-information/dental-testimonials/ ; http://www.jeffreyburns.com/patient-information/insurance/ ; http://www.jeffreyburns.com/patient-information/new-patients/ ; http://www.jeffreyburns.com/patient-information/patient-education/ ; http://www.jeffreyburns.com/patient-information/patient-registration/ ; http://www.jeffreyburns.com/patient-information/scheduling/ ; http://www.jeffreyburns.com/restorative-dentistry/ ; +21 more,blocked/rate-limited,present-on-site / verify-blocked,https://www.jeffreyburns.com/contact-us/dental-implants-timberville-va/,URL was extracted from sitemap/live rendered text; independent HTTP verification blocked by Cloudflare/Jina rate limiting.
Woodstock,https://www.jeffreyburns.com/contact-us/dentist-near-woodstock-cosmetic-implants/,internal,http://www.jeffreyburns.com/about-us/ ; http://www.jeffreyburns.com/patient-information/ ; http://www.jeffreyburns.com/patient-information/care-credit/ ; http://www.jeffreyburns.com/patient-information/dental-testimonials/ ; http://www.jeffreyburns.com/patient-information/insurance/ ; http://www.jeffreyburns.com/patient-information/new-patients/ ; http://www.jeffreyburns.com/patient-information/patient-education/ ; http://www.jeffreyburns.com/patient-information/patient-registration/ ; http://www.jeffreyburns.com/patient-information/scheduling/ ; http://www.jeffreyburns.com/restorative-dentistry/ ; +21 more,blocked/rate-limited,present-on-site / verify-blocked,https://www.jeffreyburns.com/contact-us/dentist-near-woodstock-cosmetic-implants/,URL was extracted from sitemap/live rendered text; independent HTTP verification blocked by Cloudflare/Jina rate limiting.
Winchester,https://www.jeffreyburns.com/contact-us/winchester-dentist-dental-implants/,internal,http://www.jeffreyburns.com/about-us/ ; http://www.jeffreyburns.com/patient-information/ ; http://www.jeffreyburns.com/patient-information/care-credit/ ; http://www.jeffreyburns.com/patient-information/dental-testimonials/ ; http://www.jeffreyburns.com/patient-information/insurance/ ; http://www.jeffreyburns.com/patient-information/new-patients/ ; http://www.jeffreyburns.com/patient-information/patient-education/ ; http://www.jeffreyburns.com/patient-information/patient-registration/ ; http://www.jeffreyburns.com/patient-information/scheduling/ ; http://www.jeffreyburns.com/restorative-dentistry/ ; +21 more,blocked/rate-limited,present-on-site / verify-blocked,https://www.jeffreyburns.com/contact-us/winchester-dentist-dental-implants/,URL was extracted from sitemap/live rendered text; independent HTTP verification blocked by Cloudflare/Jina rate limiting.
Cosmetic Dentistry | cosmetic treatment,https://www.jeffreyburns.com/cosmetic-dentistry-4/,internal,http://www.jeffreyburns.com/about-us/ ; http://www.jeffreyburns.com/patient-information/ ; http://www.jeffreyburns.com/patient-information/care-credit/ ; http://www.jeffreyburns.com/patient-information/dental-testimonials/ ; http://www.jeffreyburns.com/patient-information/insurance/ ; http://www.jeffreyburns.com/patient-information/new-patients/ ; http://www.jeffreyburns.com/patient-information/patient-education/ ; http://www.jeffreyburns.com/patient-information/patient-registration/ ; http://www.jeffreyburns.com/patient-information/scheduling/ ; http://www.jeffreyburns.com/restorative-dentistry/ ; +22 more,200,yes,https://www.jeffreyburns.com/cosmetic-dentistry-4/,checked via Jina Reader (direct browser hit shows Cloudflare challenge)
Clear Braces,https://www.jeffreyburns.com/cosmetic-dentistry-4/clear-braces/,internal,http://www.jeffreyburns.com/about-us/ ; http://www.jeffreyburns.com/patient-information/ ; http://www.jeffreyburns.com/patient-information/care-credit/ ; http://www.jeffreyburns.com/patient-information/dental-testimonials/ ; http://www.jeffreyburns.com/patient-information/insurance/ ; http://www.jeffreyburns.com/patient-information/new-patients/ ; http://www.jeffreyburns.com/patient-information/patient-education/ ; http://www.jeffreyburns.com/patient-information/patient-registration/ ; http://www.jeffreyburns.com/patient-information/scheduling/ ; http://www.jeffreyburns.com/restorative-dentistry/ ; +21 more,blocked/rate-limited,present-on-site / verify-blocked,https://www.jeffreyburns.com/cosmetic-dentistry-4/clear-braces/,URL was extracted from sitemap/live rendered text; independent HTTP verification blocked by Cloudflare/Jina rate limiting.
Dental Bonding,https://www.jeffreyburns.com/cosmetic-dentistry-4/dental-bonding/,internal,http://www.jeffreyburns.com/about-us/ ; http://www.jeffreyburns.com/patient-information/ ; http://www.jeffreyburns.com/patient-information/care-credit/ ; http://www.jeffreyburns.com/patient-information/dental-testimonials/ ; http://www.jeffreyburns.com/patient-information/insurance/ ; http://www.jeffreyburns.com/patient-information/new-patients/ ; http://www.jeffreyburns.com/patient-information/patient-education/ ; http://www.jeffreyburns.com/patient-information/patient-registration/ ; http://www.jeffreyburns.com/patient-information/scheduling/ ; http://www.jeffreyburns.com/restorative-dentistry/ ; +21 more,blocked/rate-limited,present-on-site / verify-blocked,https://www.jeffreyburns.com/cosmetic-dentistry-4/dental-bonding/,URL was extracted from sitemap/live rendered text; independent HTTP verification blocked by Cloudflare/Jina rate limiting.
Inlays & Onlays,https://www.jeffreyburns.com/cosmetic-dentistry-4/inlays-onlays/,internal,http://www.jeffreyburns.com/about-us/ ; http://www.jeffreyburns.com/patient-information/ ; http://www.jeffreyburns.com/patient-information/care-credit/ ; http://www.jeffreyburns.com/patient-information/dental-testimonials/ ; http://www.jeffreyburns.com/patient-information/insurance/ ; http://www.jeffreyburns.com/patient-information/new-patients/ ; http://www.jeffreyburns.com/patient-information/patient-education/ ; http://www.jeffreyburns.com/patient-information/patient-registration/ ; http://www.jeffreyburns.com/patient-information/scheduling/ ; http://www.jeffreyburns.com/restorative-dentistry/ ; +21 more,blocked/rate-limited,present-on-site / verify-blocked,https://www.jeffreyburns.com/cosmetic-dentistry-4/inlays-onlays/,URL was extracted from sitemap/live rendered text; independent HTTP verification blocked by Cloudflare/Jina rate limiting.
Cosmetic Dentistry | Porcelain Veneers | Request an Appointment | Schedule an appointment | Skip to main content,https://www.jeffreyburns.com/cosmetic-dentistry-4/porcelain-veneers/,internal,http://www.jeffreyburns.com/about-us/ ; http://www.jeffreyburns.com/patient-information/ ; http://www.jeffreyburns.com/patient-information/care-credit/ ; http://www.jeffreyburns.com/patient-information/dental-testimonials/ ; http://www.jeffreyburns.com/patient-information/insurance/ ; http://www.jeffreyburns.com/patient-information/new-patients/ ; http://www.jeffreyburns.com/patient-information/patient-education/ ; http://www.jeffreyburns.com/patient-information/patient-registration/ ; http://www.jeffreyburns.com/patient-information/scheduling/ ; http://www.jeffreyburns.com/restorative-dentistry/ ; +21 more,blocked/rate-limited,present-on-site / verify-blocked,https://www.jeffreyburns.com/cosmetic-dentistry-4/porcelain-veneers/,URL was extracted from sitemap/live rendered text; independent HTTP verification blocked by Cloudflare/Jina rate limiting.
Teeth Whitening,https://www.jeffreyburns.com/cosmetic-dentistry-4/teeth-whitening/,internal,http://www.jeffreyburns.com/about-us/ ; http://www.jeffreyburns.com/patient-information/ ; http://www.jeffreyburns.com/patient-information/care-credit/ ; http://www.jeffreyburns.com/patient-information/dental-testimonials/ ; http://www.jeffreyburns.com/patient-information/insurance/ ; http://www.jeffreyburns.com/patient-information/new-patients/ ; http://www.jeffreyburns.com/patient-information/patient-education/ ; http://www.jeffreyburns.com/patient-information/patient-registration/ ; http://www.jeffreyburns.com/patient-information/scheduling/ ; http://www.jeffreyburns.com/restorative-dentistry/ ; +21 more,blocked/rate-limited,present-on-site / verify-blocked,https://www.jeffreyburns.com/cosmetic-dentistry-4/teeth-whitening/,URL was extracted from sitemap/live rendered text; independent HTTP verification blocked by Cloudflare/Jina rate limiting.
Learn more about Cosmetic Dentistry,https://www.jeffreyburns.com/cosmetic-dentistry/,internal,https://www.jeffreyburns.com/,blocked/rate-limited,present-on-site / verify-blocked,https://www.jeffreyburns.com/cosmetic-dentistry/,URL was extracted from sitemap/live rendered text; independent HTTP verification blocked by Cloudflare/Jina rate limiting.
Clear Orthodontic Aligners,https://www.jeffreyburns.com/cosmetic-dentistry/clear-braces/,internal,https://www.jeffreyburns.com/,blocked/rate-limited,present-on-site / verify-blocked,https://www.jeffreyburns.com/cosmetic-dentistry/clear-braces/,URL was extracted from sitemap/live rendered text; independent HTTP verification blocked by Cloudflare/Jina rate limiting.
"Curing, or hardening, bonding materials",https://www.jeffreyburns.com/cosmetic-dentistry/dental-bonding/,internal,http://www.jeffreyburns.com/about-us/advanced-technology/,blocked/rate-limited,present-on-site / verify-blocked,https://www.jeffreyburns.com/cosmetic-dentistry/dental-bonding/,URL was extracted from sitemap/live rendered text; independent HTTP verification blocked by Cloudflare/Jina rate limiting.
Porcelain Veneers | tooth veneer,https://www.jeffreyburns.com/cosmetic-dentistry/porcelain-veneers/,internal,http://www.jeffreyburns.com/about-us/advanced-technology/ ; https://www.jeffreyburns.com/,blocked/rate-limited,present-on-site / verify-blocked,https://www.jeffreyburns.com/cosmetic-dentistry/porcelain-veneers/,URL was extracted from sitemap/live rendered text; independent HTTP verification blocked by Cloudflare/Jina rate limiting.
cosmetic issues,https://www.jeffreyburns.com/dental-bonding-benefits/,internal,https://www.jeffreyburns.com/full-mouth-implants-bite-function/,blocked/rate-limited,present-on-site / verify-blocked,https://www.jeffreyburns.com/dental-bonding-benefits/,URL was extracted from sitemap/live rendered text; independent HTTP verification blocked by Cloudflare/Jina rate limiting.
,https://www.jeffreyburns.com/dental-filling-delay-risks/,internal,https://www.jeffreyburns.com/dental-filling-delay-risks/,200,yes,https://www.jeffreyburns.com/dental-filling-delay-risks/,checked via Jina Reader (direct browser hit shows Cloudflare challenge)
everything heals as expected,https://www.jeffreyburns.com/dental-implant-first-consultation/,internal,https://www.jeffreyburns.com/caring-for-dental-implants-first-year/ ; https://www.jeffreyburns.com/dental-implant-first-consultation/,blocked/rate-limited,present-on-site / verify-blocked,https://www.jeffreyburns.com/dental-implant-first-consultation/,URL was extracted from sitemap/live rendered text; independent HTTP verification blocked by Cloudflare/Jina rate limiting.
Replacing missing teeth,https://www.jeffreyburns.com/dental-implants-cost-basics/,internal,https://www.jeffreyburns.com/dental-implants-cost-basics/ ; https://www.jeffreyburns.com/dental-implants-jawbone-preservation/,blocked/rate-limited,present-on-site / verify-blocked,https://www.jeffreyburns.com/dental-implants-cost-basics/,URL was extracted from sitemap/live rendered text; independent HTTP verification blocked by Cloudflare/Jina rate limiting.
preserve bone structure,https://www.jeffreyburns.com/dental-implants-jawbone-preservation/,internal,https://www.jeffreyburns.com/dental-implants-cost-basics/ ; https://www.jeffreyburns.com/dental-implants-jawbone-preservation/,blocked/rate-limited,present-on-site / verify-blocked,https://www.jeffreyburns.com/dental-implants-jawbone-preservation/,URL was extracted from sitemap/live rendered text; independent HTTP verification blocked by Cloudflare/Jina rate limiting.
Disclaimer,https://www.jeffreyburns.com/disclaimer/,internal,http://www.jeffreyburns.com/about-us/ ; http://www.jeffreyburns.com/patient-information/ ; http://www.jeffreyburns.com/patient-information/care-credit/ ; http://www.jeffreyburns.com/patient-information/insurance/ ; http://www.jeffreyburns.com/patient-information/new-patients/ ; http://www.jeffreyburns.com/patient-information/patient-education/ ; http://www.jeffreyburns.com/patient-information/patient-registration/ ; http://www.jeffreyburns.com/patient-information/scheduling/ ; http://www.jeffreyburns.com/restorative-dentistry/ ; http://www.jeffreyburns.com/restorative-dentistry/dental-fillings/ ; +18 more,blocked/rate-limited,present-on-site / verify-blocked,https://www.jeffreyburns.com/disclaimer/,URL was extracted from sitemap/live rendered text; independent HTTP verification blocked by Cloudflare/Jina rate limiting.
,https://www.jeffreyburns.com/early-gum-disease-signs/,internal,https://www.jeffreyburns.com/early-gum-disease-signs/,blocked/rate-limited,present-on-site / verify-blocked,https://www.jeffreyburns.com/early-gum-disease-signs/,URL was extracted from sitemap/live rendered text; independent HTTP verification blocked by Cloudflare/Jina rate limiting.
,https://www.jeffreyburns.com/eating-habits-after-dental-implants/,internal,https://www.jeffreyburns.com/eating-habits-after-dental-implants/,200,yes,https://www.jeffreyburns.com/eating-habits-after-dental-implants/,checked via Jina Reader (direct browser hit shows Cloudflare challenge)
,https://www.jeffreyburns.com/factors-that-increase-implant-cost/,internal,https://www.jeffreyburns.com/factors-that-increase-implant-cost/,blocked/rate-limited,present-on-site / verify-blocked,https://www.jeffreyburns.com/factors-that-increase-implant-cost/,URL was extracted from sitemap/live rendered text; independent HTTP verification blocked by Cloudflare/Jina rate limiting.
,https://www.jeffreyburns.com/full-mouth-implants-bite-function/,internal,https://www.jeffreyburns.com/full-mouth-implants-bite-function/,blocked/rate-limited,present-on-site / verify-blocked,https://www.jeffreyburns.com/full-mouth-implants-bite-function/,URL was extracted from sitemap/live rendered text; independent HTTP verification blocked by Cloudflare/Jina rate limiting.
maintenance visits,https://www.jeffreyburns.com/full-mouth-implants-maintenance/,internal,https://www.jeffreyburns.com/factors-that-increase-implant-cost/,blocked/rate-limited,present-on-site / verify-blocked,https://www.jeffreyburns.com/full-mouth-implants-maintenance/,URL was extracted from sitemap/live rendered text; independent HTTP verification blocked by Cloudflare/Jina rate limiting.
you can reduce your risk,https://www.jeffreyburns.com/healthy-teeth-at-every-age/,internal,https://www.jeffreyburns.com/dental-filling-delay-risks/,200,yes,https://www.jeffreyburns.com/healthy-teeth-at-every-age/,checked via Jina Reader (direct browser hit shows Cloudflare challenge)
Cosmetic Dentistry | Skip to main content | What Is the Difference Between a Dental Implant and a Natural Tooth? | www.jeffreyburns.com,https://www.jeffreyburns.com/implant-tooth/,internal,https://www.jeffreyburns.com/implant-tooth/,blocked/rate-limited,present-on-site / verify-blocked,https://www.jeffreyburns.com/implant-tooth/,URL was extracted from sitemap/live rendered text; independent HTTP verification blocked by Cloudflare/Jina rate limiting.
,https://www.jeffreyburns.com/importance-of-dental-crowns/,internal,https://www.jeffreyburns.com/importance-of-dental-crowns/,blocked/rate-limited,present-on-site / verify-blocked,https://www.jeffreyburns.com/importance-of-dental-crowns/,URL was extracted from sitemap/live rendered text; independent HTTP verification blocked by Cloudflare/Jina rate limiting.
recommended implant type,https://www.jeffreyburns.com/most-recommended-dental-implants/,internal,https://www.jeffreyburns.com/dental-implant-first-consultation/,blocked/rate-limited,present-on-site / verify-blocked,https://www.jeffreyburns.com/most-recommended-dental-implants/,URL was extracted from sitemap/live rendered text; independent HTTP verification blocked by Cloudflare/Jina rate limiting.
Patient Information,https://www.jeffreyburns.com/patient-information/,internal,http://www.jeffreyburns.com/about-us/ ; http://www.jeffreyburns.com/patient-information/ ; http://www.jeffreyburns.com/patient-information/care-credit/ ; http://www.jeffreyburns.com/patient-information/dental-testimonials/ ; http://www.jeffreyburns.com/patient-information/insurance/ ; http://www.jeffreyburns.com/patient-information/new-patients/ ; http://www.jeffreyburns.com/patient-information/patient-education/ ; http://www.jeffreyburns.com/patient-information/patient-registration/ ; http://www.jeffreyburns.com/patient-information/scheduling/ ; http://www.jeffreyburns.com/restorative-dentistry/ ; +22 more,blocked/rate-limited,present-on-site / verify-blocked,https://www.jeffreyburns.com/patient-information/,URL was extracted from sitemap/live rendered text; independent HTTP verification blocked by Cloudflare/Jina rate limiting.
Anesthesia | Learn more about Sleep Dentistry | anesthesia | anesthesia options,https://www.jeffreyburns.com/patient-information/anesthesia/,internal,http://www.jeffreyburns.com/about-us/ ; http://www.jeffreyburns.com/patient-information/ ; http://www.jeffreyburns.com/patient-information/care-credit/ ; http://www.jeffreyburns.com/patient-information/dental-testimonials/ ; http://www.jeffreyburns.com/patient-information/insurance/ ; http://www.jeffreyburns.com/patient-information/new-patients/ ; http://www.jeffreyburns.com/patient-information/patient-education/ ; http://www.jeffreyburns.com/patient-information/patient-registration/ ; http://www.jeffreyburns.com/patient-information/scheduling/ ; http://www.jeffreyburns.com/restorative-dentistry/ ; +23 more,200,yes,https://www.jeffreyburns.com/patient-information/anesthesia/,checked via Jina Reader (direct browser hit shows Cloudflare challenge)
CareCredit,https://www.jeffreyburns.com/patient-information/care-credit/,internal,http://www.jeffreyburns.com/about-us/ ; http://www.jeffreyburns.com/patient-information/ ; http://www.jeffreyburns.com/patient-information/care-credit/ ; http://www.jeffreyburns.com/patient-information/dental-testimonials/ ; http://www.jeffreyburns.com/patient-information/insurance/ ; http://www.jeffreyburns.com/patient-information/new-patients/ ; http://www.jeffreyburns.com/patient-information/patient-education/ ; http://www.jeffreyburns.com/patient-information/patient-registration/ ; http://www.jeffreyburns.com/patient-information/scheduling/ ; http://www.jeffreyburns.com/restorative-dentistry/ ; +21 more,200,yes,https://www.jeffreyburns.com/patient-information/care-credit/,checked via Jina Reader (direct browser hit shows Cloudflare challenge)
COVID-19 Office Re-Opening,https://www.jeffreyburns.com/patient-information/covid-19-office-re-opening/,internal,http://www.jeffreyburns.com/about-us/ ; http://www.jeffreyburns.com/patient-information/ ; http://www.jeffreyburns.com/patient-information/care-credit/ ; http://www.jeffreyburns.com/patient-information/dental-testimonials/ ; http://www.jeffreyburns.com/patient-information/insurance/ ; http://www.jeffreyburns.com/patient-information/new-patients/ ; http://www.jeffreyburns.com/patient-information/patient-education/ ; http://www.jeffreyburns.com/patient-information/patient-registration/ ; http://www.jeffreyburns.com/patient-information/scheduling/ ; http://www.jeffreyburns.com/restorative-dentistry/ ; +22 more,blocked/rate-limited,present-on-site / verify-blocked,https://www.jeffreyburns.com/patient-information/covid-19-office-re-opening/,URL was extracted from sitemap/live rendered text; independent HTTP verification blocked by Cloudflare/Jina rate limiting.
Cosmetic Dentistry | Dental Testimonials | Request an Appointment | Schedule an appointment | Skip to main content,https://www.jeffreyburns.com/patient-information/dental-testimonials/,internal,http://www.jeffreyburns.com/about-us/ ; http://www.jeffreyburns.com/patient-information/ ; http://www.jeffreyburns.com/patient-information/care-credit/ ; http://www.jeffreyburns.com/patient-information/dental-testimonials/ ; http://www.jeffreyburns.com/patient-information/insurance/ ; http://www.jeffreyburns.com/patient-information/new-patients/ ; http://www.jeffreyburns.com/patient-information/patient-education/ ; http://www.jeffreyburns.com/patient-information/patient-registration/ ; http://www.jeffreyburns.com/patient-information/scheduling/ ; http://www.jeffreyburns.com/restorative-dentistry/ ; +21 more,blocked/rate-limited,present-on-site / verify-blocked,https://www.jeffreyburns.com/patient-information/dental-testimonials/,URL was extracted from sitemap/live rendered text; independent HTTP verification blocked by Cloudflare/Jina rate limiting.
Cosmetic Dentistry | First Visit | Skip to main content | first visit,https://www.jeffreyburns.com/patient-information/first-visit/,internal,http://www.jeffreyburns.com/about-us/ ; http://www.jeffreyburns.com/patient-information/ ; http://www.jeffreyburns.com/patient-information/care-credit/ ; http://www.jeffreyburns.com/patient-information/dental-testimonials/ ; http://www.jeffreyburns.com/patient-information/insurance/ ; http://www.jeffreyburns.com/patient-information/new-patients/ ; http://www.jeffreyburns.com/patient-information/patient-education/ ; http://www.jeffreyburns.com/patient-information/patient-registration/ ; http://www.jeffreyburns.com/patient-information/scheduling/ ; http://www.jeffreyburns.com/restorative-dentistry/ ; +21 more,blocked/rate-limited,present-on-site / verify-blocked,https://www.jeffreyburns.com/patient-information/first-visit/,URL was extracted from sitemap/live rendered text; independent HTTP verification blocked by Cloudflare/Jina rate limiting.
Cosmetic Dentistry | Insurance and Financial Information | Skip to main content | dental insurance policies,https://www.jeffreyburns.com/patient-information/insurance/,internal,http://www.jeffreyburns.com/about-us/ ; http://www.jeffreyburns.com/patient-information/ ; http://www.jeffreyburns.com/patient-information/care-credit/ ; http://www.jeffreyburns.com/patient-information/dental-testimonials/ ; http://www.jeffreyburns.com/patient-information/insurance/ ; http://www.jeffreyburns.com/patient-information/new-patients/ ; http://www.jeffreyburns.com/patient-information/patient-education/ ; http://www.jeffreyburns.com/patient-information/patient-registration/ ; http://www.jeffreyburns.com/patient-information/scheduling/ ; http://www.jeffreyburns.com/restorative-dentistry/ ; +21 more,blocked/rate-limited,present-on-site / verify-blocked,https://www.jeffreyburns.com/patient-information/insurance/,URL was extracted from sitemap/live rendered text; independent HTTP verification blocked by Cloudflare/Jina rate limiting.
Cherry Credit,https://www.jeffreyburns.com/patient-information/insurance/cherry-credit/,internal,http://www.jeffreyburns.com/about-us/ ; http://www.jeffreyburns.com/patient-information/ ; http://www.jeffreyburns.com/patient-information/care-credit/ ; http://www.jeffreyburns.com/patient-information/dental-testimonials/ ; http://www.jeffreyburns.com/patient-information/insurance/ ; http://www.jeffreyburns.com/patient-information/new-patients/ ; http://www.jeffreyburns.com/patient-information/patient-education/ ; http://www.jeffreyburns.com/patient-information/patient-registration/ ; http://www.jeffreyburns.com/patient-information/scheduling/ ; http://www.jeffreyburns.com/restorative-dentistry/ ; +22 more,blocked/rate-limited,present-on-site / verify-blocked,https://www.jeffreyburns.com/patient-information/insurance/cherry-credit/,URL was extracted from sitemap/live rendered text; independent HTTP verification blocked by Cloudflare/Jina rate limiting.
New Patients,https://www.jeffreyburns.com/patient-information/new-patients/,internal,http://www.jeffreyburns.com/about-us/ ; http://www.jeffreyburns.com/patient-information/ ; http://www.jeffreyburns.com/patient-information/care-credit/ ; http://www.jeffreyburns.com/patient-information/dental-testimonials/ ; http://www.jeffreyburns.com/patient-information/insurance/ ; http://www.jeffreyburns.com/patient-information/new-patients/ ; http://www.jeffreyburns.com/patient-information/patient-education/ ; http://www.jeffreyburns.com/patient-information/patient-registration/ ; http://www.jeffreyburns.com/patient-information/scheduling/ ; http://www.jeffreyburns.com/restorative-dentistry/ ; +21 more,200,yes,https://www.jeffreyburns.com/patient-information/new-patients/,checked via Jina Reader (direct browser hit shows Cloudflare challenge)
Cosmetic Dentistry | Patient Education | Patient Education library | Return To Top ↑ | Skip to main content,https://www.jeffreyburns.com/patient-information/patient-education/,internal,http://www.jeffreyburns.com/about-us/ ; http://www.jeffreyburns.com/patient-information/ ; http://www.jeffreyburns.com/patient-information/care-credit/ ; http://www.jeffreyburns.com/patient-information/dental-testimonials/ ; http://www.jeffreyburns.com/patient-information/insurance/ ; http://www.jeffreyburns.com/patient-information/new-patients/ ; http://www.jeffreyburns.com/patient-information/patient-education/ ; http://www.jeffreyburns.com/patient-information/patient-registration/ ; http://www.jeffreyburns.com/patient-information/scheduling/ ; http://www.jeffreyburns.com/restorative-dentistry/ ; +21 more,blocked/rate-limited,present-on-site / verify-blocked,https://www.jeffreyburns.com/patient-information/patient-education/,URL was extracted from sitemap/live rendered text; independent HTTP verification blocked by Cloudflare/Jina rate limiting.
Learn more about Register Online | Patient Registration,https://www.jeffreyburns.com/patient-information/patient-registration/,internal,http://www.jeffreyburns.com/about-us/ ; http://www.jeffreyburns.com/patient-information/ ; http://www.jeffreyburns.com/patient-information/care-credit/ ; http://www.jeffreyburns.com/patient-information/dental-testimonials/ ; http://www.jeffreyburns.com/patient-information/insurance/ ; http://www.jeffreyburns.com/patient-information/new-patients/ ; http://www.jeffreyburns.com/patient-information/patient-education/ ; http://www.jeffreyburns.com/patient-information/patient-registration/ ; http://www.jeffreyburns.com/patient-information/scheduling/ ; http://www.jeffreyburns.com/restorative-dentistry/ ; +21 more,blocked/rate-limited,present-on-site / verify-blocked,https://www.jeffreyburns.com/patient-information/patient-registration/,URL was extracted from sitemap/live rendered text; independent HTTP verification blocked by Cloudflare/Jina rate limiting.
Write a Review,https://www.jeffreyburns.com/patient-information/patient-review-form/,internal,http://www.jeffreyburns.com/about-us/ ; http://www.jeffreyburns.com/patient-information/ ; http://www.jeffreyburns.com/patient-information/care-credit/ ; http://www.jeffreyburns.com/patient-information/dental-testimonials/ ; http://www.jeffreyburns.com/patient-information/insurance/ ; http://www.jeffreyburns.com/patient-information/new-patients/ ; http://www.jeffreyburns.com/patient-information/patient-education/ ; http://www.jeffreyburns.com/patient-information/patient-registration/ ; http://www.jeffreyburns.com/patient-information/scheduling/ ; http://www.jeffreyburns.com/restorative-dentistry/ ; +22 more,blocked/rate-limited,present-on-site / verify-blocked,https://www.jeffreyburns.com/patient-information/patient-review-form/,URL was extracted from sitemap/live rendered text; independent HTTP verification blocked by Cloudflare/Jina rate limiting.
Cosmetic Dentistry | Learn more about Schedule an Appointment | Scheduling | Skip to main content | appointment form,https://www.jeffreyburns.com/patient-information/scheduling/,internal,http://www.jeffreyburns.com/about-us/ ; http://www.jeffreyburns.com/patient-information/ ; http://www.jeffreyburns.com/patient-information/care-credit/ ; http://www.jeffreyburns.com/patient-information/dental-testimonials/ ; http://www.jeffreyburns.com/patient-information/insurance/ ; http://www.jeffreyburns.com/patient-information/new-patients/ ; http://www.jeffreyburns.com/patient-information/patient-education/ ; http://www.jeffreyburns.com/patient-information/patient-registration/ ; http://www.jeffreyburns.com/patient-information/scheduling/ ; http://www.jeffreyburns.com/restorative-dentistry/ ; +21 more,200,yes,https://www.jeffreyburns.com/patient-information/scheduling/,checked via Jina Reader (direct browser hit shows Cloudflare challenge)
Cosmetic Dentistry | Patient Reviews | Skip to main content,https://www.jeffreyburns.com/patient-information/testimonials/,internal,http://www.jeffreyburns.com/about-us/ ; http://www.jeffreyburns.com/patient-information/ ; http://www.jeffreyburns.com/patient-information/care-credit/ ; http://www.jeffreyburns.com/patient-information/dental-testimonials/ ; http://www.jeffreyburns.com/patient-information/insurance/ ; http://www.jeffreyburns.com/patient-information/new-patients/ ; http://www.jeffreyburns.com/patient-information/patient-education/ ; http://www.jeffreyburns.com/patient-information/patient-registration/ ; http://www.jeffreyburns.com/patient-information/scheduling/ ; http://www.jeffreyburns.com/restorative-dentistry/ ; +21 more,blocked/rate-limited,present-on-site / verify-blocked,https://www.jeffreyburns.com/patient-information/testimonials/,URL was extracted from sitemap/live rendered text; independent HTTP verification blocked by Cloudflare/Jina rate limiting.
Why Choose Us,https://www.jeffreyburns.com/patient-information/why-choose-us/,internal,http://www.jeffreyburns.com/about-us/ ; http://www.jeffreyburns.com/patient-information/ ; http://www.jeffreyburns.com/patient-information/care-credit/ ; http://www.jeffreyburns.com/patient-information/dental-testimonials/ ; http://www.jeffreyburns.com/patient-information/insurance/ ; http://www.jeffreyburns.com/patient-information/new-patients/ ; http://www.jeffreyburns.com/patient-information/patient-education/ ; http://www.jeffreyburns.com/patient-information/patient-registration/ ; http://www.jeffreyburns.com/patient-information/scheduling/ ; http://www.jeffreyburns.com/restorative-dentistry/ ; +21 more,blocked/rate-limited,present-on-site / verify-blocked,https://www.jeffreyburns.com/patient-information/why-choose-us/,URL was extracted from sitemap/live rendered text; independent HTTP verification blocked by Cloudflare/Jina rate limiting.
Preventative Care,https://www.jeffreyburns.com/preventative-care/,internal,http://www.jeffreyburns.com/about-us/ ; http://www.jeffreyburns.com/patient-information/ ; http://www.jeffreyburns.com/patient-information/care-credit/ ; http://www.jeffreyburns.com/patient-information/dental-testimonials/ ; http://www.jeffreyburns.com/patient-information/insurance/ ; http://www.jeffreyburns.com/patient-information/new-patients/ ; http://www.jeffreyburns.com/patient-information/patient-education/ ; http://www.jeffreyburns.com/patient-information/patient-registration/ ; http://www.jeffreyburns.com/patient-information/scheduling/ ; http://www.jeffreyburns.com/restorative-dentistry/ ; +21 more,blocked/rate-limited,present-on-site / verify-blocked,https://www.jeffreyburns.com/preventative-care/,URL was extracted from sitemap/live rendered text; independent HTTP verification blocked by Cloudflare/Jina rate limiting.
Child Dentistry,https://www.jeffreyburns.com/preventative-care/child-dentistry/,internal,http://www.jeffreyburns.com/about-us/ ; http://www.jeffreyburns.com/patient-information/ ; http://www.jeffreyburns.com/patient-information/care-credit/ ; http://www.jeffreyburns.com/patient-information/dental-testimonials/ ; http://www.jeffreyburns.com/patient-information/insurance/ ; http://www.jeffreyburns.com/patient-information/new-patients/ ; http://www.jeffreyburns.com/patient-information/patient-education/ ; http://www.jeffreyburns.com/patient-information/patient-registration/ ; http://www.jeffreyburns.com/patient-information/scheduling/ ; http://www.jeffreyburns.com/restorative-dentistry/ ; +21 more,blocked/rate-limited,present-on-site / verify-blocked,https://www.jeffreyburns.com/preventative-care/child-dentistry/,URL was extracted from sitemap/live rendered text; independent HTTP verification blocked by Cloudflare/Jina rate limiting.
Dental Exams and Check-Ups | check-ups | dental examinations | maintenance | professional examinations,https://www.jeffreyburns.com/preventative-care/dental-exams-and-check-ups/,internal,http://www.jeffreyburns.com/about-us/ ; http://www.jeffreyburns.com/patient-information/ ; http://www.jeffreyburns.com/patient-information/care-credit/ ; http://www.jeffreyburns.com/patient-information/dental-testimonials/ ; http://www.jeffreyburns.com/patient-information/insurance/ ; http://www.jeffreyburns.com/patient-information/new-patients/ ; http://www.jeffreyburns.com/patient-information/patient-education/ ; http://www.jeffreyburns.com/patient-information/patient-registration/ ; http://www.jeffreyburns.com/patient-information/scheduling/ ; http://www.jeffreyburns.com/restorative-dentistry/ ; +21 more,blocked/rate-limited,present-on-site / verify-blocked,https://www.jeffreyburns.com/preventative-care/dental-exams-and-check-ups/,URL was extracted from sitemap/live rendered text; independent HTTP verification blocked by Cloudflare/Jina rate limiting.
Dental Sealants | dental bridges,https://www.jeffreyburns.com/preventative-care/dental-sealants/,internal,http://www.jeffreyburns.com/about-us/ ; http://www.jeffreyburns.com/patient-information/ ; http://www.jeffreyburns.com/patient-information/care-credit/ ; http://www.jeffreyburns.com/patient-information/dental-testimonials/ ; http://www.jeffreyburns.com/patient-information/insurance/ ; http://www.jeffreyburns.com/patient-information/new-patients/ ; http://www.jeffreyburns.com/patient-information/patient-education/ ; http://www.jeffreyburns.com/patient-information/patient-registration/ ; http://www.jeffreyburns.com/patient-information/scheduling/ ; http://www.jeffreyburns.com/restorative-dentistry/ ; +22 more,200,yes,https://www.jeffreyburns.com/preventative-care/dental-sealants/,checked via Jina Reader (direct browser hit shows Cloudflare challenge)
Gum Disease Treatment,https://www.jeffreyburns.com/preventative-care/gum-disease-treatment/,internal,http://www.jeffreyburns.com/about-us/ ; http://www.jeffreyburns.com/patient-information/ ; http://www.jeffreyburns.com/patient-information/care-credit/ ; http://www.jeffreyburns.com/patient-information/dental-testimonials/ ; http://www.jeffreyburns.com/patient-information/insurance/ ; http://www.jeffreyburns.com/patient-information/new-patients/ ; http://www.jeffreyburns.com/patient-information/patient-education/ ; http://www.jeffreyburns.com/patient-information/patient-registration/ ; http://www.jeffreyburns.com/patient-information/scheduling/ ; http://www.jeffreyburns.com/restorative-dentistry/ ; +21 more,blocked/rate-limited,present-on-site / verify-blocked,https://www.jeffreyburns.com/preventative-care/gum-disease-treatment/,URL was extracted from sitemap/live rendered text; independent HTTP verification blocked by Cloudflare/Jina rate limiting.
Deep Teeth Cleaning,https://www.jeffreyburns.com/preventative-care/gum-disease-treatment/deep-teeth-cleaning/,internal,http://www.jeffreyburns.com/about-us/ ; http://www.jeffreyburns.com/patient-information/ ; http://www.jeffreyburns.com/patient-information/care-credit/ ; http://www.jeffreyburns.com/patient-information/dental-testimonials/ ; http://www.jeffreyburns.com/patient-information/insurance/ ; http://www.jeffreyburns.com/patient-information/new-patients/ ; http://www.jeffreyburns.com/patient-information/patient-education/ ; http://www.jeffreyburns.com/patient-information/patient-registration/ ; http://www.jeffreyburns.com/patient-information/scheduling/ ; http://www.jeffreyburns.com/restorative-dentistry/ ; +22 more,blocked/rate-limited,present-on-site / verify-blocked,https://www.jeffreyburns.com/preventative-care/gum-disease-treatment/deep-teeth-cleaning/,URL was extracted from sitemap/live rendered text; independent HTTP verification blocked by Cloudflare/Jina rate limiting.
Cosmetic Dentistry | Periodontal Maintenance | Request an Appointment | Schedule an appointment | Skip to main content | gum disease | gum disease treatment | periodontal disease,https://www.jeffreyburns.com/preventative-care/gum-disease-treatment/periodontal-maintenance/,internal,http://www.jeffreyburns.com/about-us/ ; http://www.jeffreyburns.com/patient-information/ ; http://www.jeffreyburns.com/patient-information/care-credit/ ; http://www.jeffreyburns.com/patient-information/dental-testimonials/ ; http://www.jeffreyburns.com/patient-information/insurance/ ; http://www.jeffreyburns.com/patient-information/new-patients/ ; http://www.jeffreyburns.com/patient-information/patient-education/ ; http://www.jeffreyburns.com/patient-information/patient-registration/ ; http://www.jeffreyburns.com/patient-information/scheduling/ ; http://www.jeffreyburns.com/restorative-dentistry/ ; +25 more,blocked/rate-limited,present-on-site / verify-blocked,https://www.jeffreyburns.com/preventative-care/gum-disease-treatment/periodontal-maintenance/,URL was extracted from sitemap/live rendered text; independent HTTP verification blocked by Cloudflare/Jina rate limiting.
Oral Hygiene | brushing and flossing | dental hygiene | tooth brushing and flossing,https://www.jeffreyburns.com/preventative-care/oral-hygiene/,internal,http://www.jeffreyburns.com/about-us/ ; http://www.jeffreyburns.com/patient-information/ ; http://www.jeffreyburns.com/patient-information/care-credit/ ; http://www.jeffreyburns.com/patient-information/dental-testimonials/ ; http://www.jeffreyburns.com/patient-information/insurance/ ; http://www.jeffreyburns.com/patient-information/new-patients/ ; http://www.jeffreyburns.com/patient-information/patient-education/ ; http://www.jeffreyburns.com/patient-information/patient-registration/ ; http://www.jeffreyburns.com/patient-information/scheduling/ ; http://www.jeffreyburns.com/restorative-dentistry/ ; +23 more,blocked/rate-limited,present-on-site / verify-blocked,https://www.jeffreyburns.com/preventative-care/oral-hygiene/,URL was extracted from sitemap/live rendered text; independent HTTP verification blocked by Cloudflare/Jina rate limiting.
Teeth Cleaning | cleanings | professional dental cleaning,https://www.jeffreyburns.com/preventative-care/teeth-cleaning/,internal,http://www.jeffreyburns.com/about-us/ ; http://www.jeffreyburns.com/patient-information/ ; http://www.jeffreyburns.com/patient-information/care-credit/ ; http://www.jeffreyburns.com/patient-information/dental-testimonials/ ; http://www.jeffreyburns.com/patient-information/insurance/ ; http://www.jeffreyburns.com/patient-information/new-patients/ ; http://www.jeffreyburns.com/patient-information/patient-education/ ; http://www.jeffreyburns.com/patient-information/patient-registration/ ; http://www.jeffreyburns.com/patient-information/scheduling/ ; http://www.jeffreyburns.com/restorative-dentistry/ ; +22 more,200,yes,https://www.jeffreyburns.com/preventative-care/teeth-cleaning/,checked via Jina Reader (direct browser hit shows Cloudflare challenge)
Surgical Extractions | Tooth Extractions | Tooth/root extraction | extraction | extraction of a tooth | extraction of the teeth | tooth removal,https://www.jeffreyburns.com/preventative-care/tooth-extractions/,internal,http://www.jeffreyburns.com/about-us/ ; http://www.jeffreyburns.com/patient-information/ ; http://www.jeffreyburns.com/patient-information/care-credit/ ; http://www.jeffreyburns.com/patient-information/insurance/ ; http://www.jeffreyburns.com/patient-information/new-patients/ ; http://www.jeffreyburns.com/patient-information/patient-education/ ; http://www.jeffreyburns.com/patient-information/patient-registration/ ; http://www.jeffreyburns.com/patient-information/scheduling/ ; http://www.jeffreyburns.com/restorative-dentistry/ ; http://www.jeffreyburns.com/restorative-dentistry/dental-fillings/ ; +21 more,200,yes,https://www.jeffreyburns.com/preventative-care/tooth-extractions/,checked via Jina Reader (direct browser hit shows Cloudflare challenge)
Wisdom Teeth Removal,https://www.jeffreyburns.com/preventative-care/wisdom-teeth-removal/,internal,http://www.jeffreyburns.com/about-us/ ; http://www.jeffreyburns.com/patient-information/ ; http://www.jeffreyburns.com/patient-information/care-credit/ ; http://www.jeffreyburns.com/patient-information/dental-testimonials/ ; http://www.jeffreyburns.com/patient-information/insurance/ ; http://www.jeffreyburns.com/patient-information/new-patients/ ; http://www.jeffreyburns.com/patient-information/patient-education/ ; http://www.jeffreyburns.com/patient-information/patient-registration/ ; http://www.jeffreyburns.com/patient-information/scheduling/ ; http://www.jeffreyburns.com/restorative-dentistry/ ; +22 more,200,yes,https://www.jeffreyburns.com/preventative-care/wisdom-teeth-removal/,checked via Jina Reader (direct browser hit shows Cloudflare challenge)
Learn more about Our Services | Restorative Dentistry,https://www.jeffreyburns.com/restorative-dentistry/,internal,http://www.jeffreyburns.com/about-us/ ; http://www.jeffreyburns.com/patient-information/ ; http://www.jeffreyburns.com/patient-information/care-credit/ ; http://www.jeffreyburns.com/patient-information/dental-testimonials/ ; http://www.jeffreyburns.com/patient-information/insurance/ ; http://www.jeffreyburns.com/patient-information/new-patients/ ; http://www.jeffreyburns.com/patient-information/patient-education/ ; http://www.jeffreyburns.com/patient-information/patient-registration/ ; http://www.jeffreyburns.com/patient-information/scheduling/ ; http://www.jeffreyburns.com/restorative-dentistry/ ; +21 more,blocked/rate-limited,present-on-site / verify-blocked,https://www.jeffreyburns.com/restorative-dentistry/,URL was extracted from sitemap/live rendered text; independent HTTP verification blocked by Cloudflare/Jina rate limiting.
CEREC,https://www.jeffreyburns.com/restorative-dentistry/cerec/,internal,http://www.jeffreyburns.com/about-us/ ; http://www.jeffreyburns.com/patient-information/ ; http://www.jeffreyburns.com/patient-information/care-credit/ ; http://www.jeffreyburns.com/patient-information/dental-testimonials/ ; http://www.jeffreyburns.com/patient-information/insurance/ ; http://www.jeffreyburns.com/patient-information/new-patients/ ; http://www.jeffreyburns.com/patient-information/patient-education/ ; http://www.jeffreyburns.com/patient-information/patient-registration/ ; http://www.jeffreyburns.com/patient-information/scheduling/ ; http://www.jeffreyburns.com/restorative-dentistry/ ; +21 more,blocked/rate-limited,present-on-site / verify-blocked,https://www.jeffreyburns.com/restorative-dentistry/cerec/,URL was extracted from sitemap/live rendered text; independent HTTP verification blocked by Cloudflare/Jina rate limiting.
Dental Bridges | bridges | fixed bridge,https://www.jeffreyburns.com/restorative-dentistry/dental-bridges/,internal,http://www.jeffreyburns.com/about-us/ ; http://www.jeffreyburns.com/patient-information/ ; http://www.jeffreyburns.com/patient-information/care-credit/ ; http://www.jeffreyburns.com/patient-information/dental-testimonials/ ; http://www.jeffreyburns.com/patient-information/insurance/ ; http://www.jeffreyburns.com/patient-information/new-patients/ ; http://www.jeffreyburns.com/patient-information/patient-education/ ; http://www.jeffreyburns.com/patient-information/patient-registration/ ; http://www.jeffreyburns.com/patient-information/scheduling/ ; http://www.jeffreyburns.com/restorative-dentistry/ ; +23 more,blocked/rate-limited,present-on-site / verify-blocked,https://www.jeffreyburns.com/restorative-dentistry/dental-bridges/,URL was extracted from sitemap/live rendered text; independent HTTP verification blocked by Cloudflare/Jina rate limiting.
Crown and Bridges | Dental Crowns | Dental crowns | crown | dental crown | dental crowns,https://www.jeffreyburns.com/restorative-dentistry/dental-crowns/,internal,http://www.jeffreyburns.com/about-us/ ; http://www.jeffreyburns.com/about-us/advanced-technology/ ; http://www.jeffreyburns.com/patient-information/ ; http://www.jeffreyburns.com/patient-information/care-credit/ ; http://www.jeffreyburns.com/patient-information/dental-testimonials/ ; http://www.jeffreyburns.com/patient-information/insurance/ ; http://www.jeffreyburns.com/patient-information/new-patients/ ; http://www.jeffreyburns.com/patient-information/patient-education/ ; http://www.jeffreyburns.com/patient-information/patient-registration/ ; http://www.jeffreyburns.com/patient-information/scheduling/ ; +26 more,200,yes,https://www.jeffreyburns.com/restorative-dentistry/dental-crowns/,checked via Jina Reader (direct browser hit shows Cloudflare challenge)
Dental Fillings | dental filling | tooth filling | treatment,https://www.jeffreyburns.com/restorative-dentistry/dental-fillings/,internal,http://www.jeffreyburns.com/about-us/ ; http://www.jeffreyburns.com/about-us/advanced-technology/ ; http://www.jeffreyburns.com/patient-information/ ; http://www.jeffreyburns.com/patient-information/care-credit/ ; http://www.jeffreyburns.com/patient-information/dental-testimonials/ ; http://www.jeffreyburns.com/patient-information/insurance/ ; http://www.jeffreyburns.com/patient-information/new-patients/ ; http://www.jeffreyburns.com/patient-information/patient-education/ ; http://www.jeffreyburns.com/patient-information/patient-registration/ ; http://www.jeffreyburns.com/patient-information/scheduling/ ; +23 more,blocked/rate-limited,present-on-site / verify-blocked,https://www.jeffreyburns.com/restorative-dentistry/dental-fillings/,URL was extracted from sitemap/live rendered text; independent HTTP verification blocked by Cloudflare/Jina rate limiting.
Dental Implants | Dental implants | Learn more about Dental Implants | dental implant | dental implant solution | dental implants | replacement with an artificial tooth,https://www.jeffreyburns.com/restorative-dentistry/dental-implants/,internal,http://www.jeffreyburns.com/about-us/ ; http://www.jeffreyburns.com/patient-information/ ; http://www.jeffreyburns.com/patient-information/care-credit/ ; http://www.jeffreyburns.com/patient-information/dental-testimonials/ ; http://www.jeffreyburns.com/patient-information/insurance/ ; http://www.jeffreyburns.com/patient-information/new-patients/ ; http://www.jeffreyburns.com/patient-information/patient-education/ ; http://www.jeffreyburns.com/patient-information/patient-registration/ ; http://www.jeffreyburns.com/patient-information/scheduling/ ; http://www.jeffreyburns.com/restorative-dentistry/ ; +32 more,blocked/rate-limited,present-on-site / verify-blocked,https://www.jeffreyburns.com/restorative-dentistry/dental-implants/,URL was extracted from sitemap/live rendered text; independent HTTP verification blocked by Cloudflare/Jina rate limiting.
After Implant Placement | Placement of the crown,https://www.jeffreyburns.com/restorative-dentistry/dental-implants/after-implant-placement/,internal,http://www.jeffreyburns.com/about-us/ ; http://www.jeffreyburns.com/patient-information/ ; http://www.jeffreyburns.com/patient-information/care-credit/ ; http://www.jeffreyburns.com/patient-information/dental-testimonials/ ; http://www.jeffreyburns.com/patient-information/insurance/ ; http://www.jeffreyburns.com/patient-information/new-patients/ ; http://www.jeffreyburns.com/patient-information/patient-education/ ; http://www.jeffreyburns.com/patient-information/patient-registration/ ; http://www.jeffreyburns.com/patient-information/scheduling/ ; http://www.jeffreyburns.com/restorative-dentistry/ ; +23 more,blocked/rate-limited,present-on-site / verify-blocked,https://www.jeffreyburns.com/restorative-dentistry/dental-implants/after-implant-placement/,URL was extracted from sitemap/live rendered text; independent HTTP verification blocked by Cloudflare/Jina rate limiting.
Bone Grafting for Implants | Bone grafting | bone grafted,https://www.jeffreyburns.com/restorative-dentistry/dental-implants/bone-grafting-for-implants/,internal,http://www.jeffreyburns.com/about-us/ ; http://www.jeffreyburns.com/patient-information/ ; http://www.jeffreyburns.com/patient-information/care-credit/ ; http://www.jeffreyburns.com/patient-information/dental-testimonials/ ; http://www.jeffreyburns.com/patient-information/insurance/ ; http://www.jeffreyburns.com/patient-information/new-patients/ ; http://www.jeffreyburns.com/patient-information/patient-education/ ; http://www.jeffreyburns.com/patient-information/patient-registration/ ; http://www.jeffreyburns.com/patient-information/scheduling/ ; http://www.jeffreyburns.com/restorative-dentistry/ ; +24 more,blocked/rate-limited,present-on-site / verify-blocked,https://www.jeffreyburns.com/restorative-dentistry/dental-implants/bone-grafting-for-implants/,URL was extracted from sitemap/live rendered text; independent HTTP verification blocked by Cloudflare/Jina rate limiting.
Cost of Dental Implants | Dental implants,https://www.jeffreyburns.com/restorative-dentistry/dental-implants/cost-of-dental-implants/,internal,http://www.jeffreyburns.com/about-us/ ; http://www.jeffreyburns.com/patient-information/ ; http://www.jeffreyburns.com/patient-information/care-credit/ ; http://www.jeffreyburns.com/patient-information/dental-testimonials/ ; http://www.jeffreyburns.com/patient-information/insurance/ ; http://www.jeffreyburns.com/patient-information/new-patients/ ; http://www.jeffreyburns.com/patient-information/patient-education/ ; http://www.jeffreyburns.com/patient-information/patient-registration/ ; http://www.jeffreyburns.com/patient-information/scheduling/ ; http://www.jeffreyburns.com/restorative-dentistry/ ; +25 more,blocked/rate-limited,present-on-site / verify-blocked,https://www.jeffreyburns.com/restorative-dentistry/dental-implants/cost-of-dental-implants/,URL was extracted from sitemap/live rendered text; independent HTTP verification blocked by Cloudflare/Jina rate limiting.
Dental Implants FAQs,https://www.jeffreyburns.com/restorative-dentistry/dental-implants/dental-implants-faqs/,internal,http://www.jeffreyburns.com/about-us/ ; http://www.jeffreyburns.com/patient-information/ ; http://www.jeffreyburns.com/patient-information/care-credit/ ; http://www.jeffreyburns.com/patient-information/dental-testimonials/ ; http://www.jeffreyburns.com/patient-information/insurance/ ; http://www.jeffreyburns.com/patient-information/new-patients/ ; http://www.jeffreyburns.com/patient-information/patient-education/ ; http://www.jeffreyburns.com/patient-information/patient-registration/ ; http://www.jeffreyburns.com/patient-information/scheduling/ ; http://www.jeffreyburns.com/restorative-dentistry/ ; +22 more,200,yes,https://www.jeffreyburns.com/restorative-dentistry/dental-implants/dental-implants-faqs/,checked via Jina Reader (direct browser hit shows Cloudflare challenge)
Missing All Upper or Lower Teeth | all of your teeth are missing,https://www.jeffreyburns.com/restorative-dentistry/dental-implants/missing-all-upper-or-lower-teeth/,internal,http://www.jeffreyburns.com/about-us/ ; http://www.jeffreyburns.com/patient-information/ ; http://www.jeffreyburns.com/patient-information/care-credit/ ; http://www.jeffreyburns.com/patient-information/dental-testimonials/ ; http://www.jeffreyburns.com/patient-information/insurance/ ; http://www.jeffreyburns.com/patient-information/new-patients/ ; http://www.jeffreyburns.com/patient-information/patient-education/ ; http://www.jeffreyburns.com/patient-information/patient-registration/ ; http://www.jeffreyburns.com/patient-information/scheduling/ ; http://www.jeffreyburns.com/restorative-dentistry/ ; +22 more,blocked/rate-limited,present-on-site / verify-blocked,https://www.jeffreyburns.com/restorative-dentistry/dental-implants/missing-all-upper-or-lower-teeth/,URL was extracted from sitemap/live rendered text; independent HTTP verification blocked by Cloudflare/Jina rate limiting.
Overview of Implant Placement | Placement of the titanium root (the “dental implant”),https://www.jeffreyburns.com/restorative-dentistry/dental-implants/overview-of-implant-placement/,internal,http://www.jeffreyburns.com/about-us/ ; http://www.jeffreyburns.com/patient-information/ ; http://www.jeffreyburns.com/patient-information/care-credit/ ; http://www.jeffreyburns.com/patient-information/dental-testimonials/ ; http://www.jeffreyburns.com/patient-information/insurance/ ; http://www.jeffreyburns.com/patient-information/new-patients/ ; http://www.jeffreyburns.com/patient-information/patient-education/ ; http://www.jeffreyburns.com/patient-information/patient-registration/ ; http://www.jeffreyburns.com/patient-information/scheduling/ ; http://www.jeffreyburns.com/restorative-dentistry/ ; +23 more,blocked/rate-limited,present-on-site / verify-blocked,https://www.jeffreyburns.com/restorative-dentistry/dental-implants/overview-of-implant-placement/,URL was extracted from sitemap/live rendered text; independent HTTP verification blocked by Cloudflare/Jina rate limiting.
Replacing Missing Teeth | tooth replacement methods | tooth replacement treatment,https://www.jeffreyburns.com/restorative-dentistry/dental-implants/replacing-missing-teeth/,internal,http://www.jeffreyburns.com/about-us/ ; http://www.jeffreyburns.com/patient-information/ ; http://www.jeffreyburns.com/patient-information/care-credit/ ; http://www.jeffreyburns.com/patient-information/dental-testimonials/ ; http://www.jeffreyburns.com/patient-information/insurance/ ; http://www.jeffreyburns.com/patient-information/new-patients/ ; http://www.jeffreyburns.com/patient-information/patient-education/ ; http://www.jeffreyburns.com/patient-information/patient-registration/ ; http://www.jeffreyburns.com/patient-information/scheduling/ ; http://www.jeffreyburns.com/restorative-dentistry/ ; +24 more,blocked/rate-limited,present-on-site / verify-blocked,https://www.jeffreyburns.com/restorative-dentistry/dental-implants/replacing-missing-teeth/,URL was extracted from sitemap/live rendered text; independent HTTP verification blocked by Cloudflare/Jina rate limiting.
Learn more about Teeth-in-a-Day | Teeth In A Day | Teeth-in-a-Day,https://www.jeffreyburns.com/restorative-dentistry/dental-implants/teeth-in-a-day/,internal,http://www.jeffreyburns.com/about-us/ ; http://www.jeffreyburns.com/patient-information/ ; http://www.jeffreyburns.com/patient-information/care-credit/ ; http://www.jeffreyburns.com/patient-information/dental-testimonials/ ; http://www.jeffreyburns.com/patient-information/insurance/ ; http://www.jeffreyburns.com/patient-information/new-patients/ ; http://www.jeffreyburns.com/patient-information/patient-education/ ; http://www.jeffreyburns.com/patient-information/patient-registration/ ; http://www.jeffreyburns.com/patient-information/scheduling/ ; http://www.jeffreyburns.com/restorative-dentistry/ ; +21 more,blocked/rate-limited,present-on-site / verify-blocked,https://www.jeffreyburns.com/restorative-dentistry/dental-implants/teeth-in-a-day/,URL was extracted from sitemap/live rendered text; independent HTTP verification blocked by Cloudflare/Jina rate limiting.
Dentures | complete denture | complete dentures | dentures,https://www.jeffreyburns.com/restorative-dentistry/dentures/,internal,http://www.jeffreyburns.com/about-us/ ; http://www.jeffreyburns.com/patient-information/ ; http://www.jeffreyburns.com/patient-information/care-credit/ ; http://www.jeffreyburns.com/patient-information/dental-testimonials/ ; http://www.jeffreyburns.com/patient-information/insurance/ ; http://www.jeffreyburns.com/patient-information/new-patients/ ; http://www.jeffreyburns.com/patient-information/patient-education/ ; http://www.jeffreyburns.com/patient-information/patient-registration/ ; http://www.jeffreyburns.com/patient-information/scheduling/ ; http://www.jeffreyburns.com/restorative-dentistry/ ; +24 more,blocked/rate-limited,present-on-site / verify-blocked,https://www.jeffreyburns.com/restorative-dentistry/dentures/,URL was extracted from sitemap/live rendered text; independent HTTP verification blocked by Cloudflare/Jina rate limiting.
Cosmetic Dentistry | Denture Care | Skip to main content,https://www.jeffreyburns.com/restorative-dentistry/dentures/denture-care/,internal,http://www.jeffreyburns.com/about-us/ ; http://www.jeffreyburns.com/patient-information/ ; http://www.jeffreyburns.com/patient-information/care-credit/ ; http://www.jeffreyburns.com/patient-information/dental-testimonials/ ; http://www.jeffreyburns.com/patient-information/insurance/ ; http://www.jeffreyburns.com/patient-information/new-patients/ ; http://www.jeffreyburns.com/patient-information/patient-education/ ; http://www.jeffreyburns.com/patient-information/patient-registration/ ; http://www.jeffreyburns.com/patient-information/scheduling/ ; http://www.jeffreyburns.com/restorative-dentistry/ ; +21 more,200,yes,https://www.jeffreyburns.com/restorative-dentistry/dentures/denture-care/,checked via Jina Reader (direct browser hit shows Cloudflare challenge)
Denture Relines | denture reline | relined | relines,https://www.jeffreyburns.com/restorative-dentistry/dentures/denture-relines/,internal,http://www.jeffreyburns.com/about-us/ ; http://www.jeffreyburns.com/patient-information/ ; http://www.jeffreyburns.com/patient-information/care-credit/ ; http://www.jeffreyburns.com/patient-information/dental-testimonials/ ; http://www.jeffreyburns.com/patient-information/insurance/ ; http://www.jeffreyburns.com/patient-information/new-patients/ ; http://www.jeffreyburns.com/patient-information/patient-education/ ; http://www.jeffreyburns.com/patient-information/patient-registration/ ; http://www.jeffreyburns.com/patient-information/scheduling/ ; http://www.jeffreyburns.com/restorative-dentistry/ ; +22 more,blocked/rate-limited,present-on-site / verify-blocked,https://www.jeffreyburns.com/restorative-dentistry/dentures/denture-relines/,URL was extracted from sitemap/live rendered text; independent HTTP verification blocked by Cloudflare/Jina rate limiting.
Cosmetic Dentistry | Exams & Maintenance | Request an Appointment | Schedule an appointment | Skip to main content,https://www.jeffreyburns.com/restorative-dentistry/dentures/exams-maintenance/,internal,http://www.jeffreyburns.com/about-us/ ; http://www.jeffreyburns.com/patient-information/ ; http://www.jeffreyburns.com/patient-information/care-credit/ ; http://www.jeffreyburns.com/patient-information/dental-testimonials/ ; http://www.jeffreyburns.com/patient-information/insurance/ ; http://www.jeffreyburns.com/patient-information/new-patients/ ; http://www.jeffreyburns.com/patient-information/patient-education/ ; http://www.jeffreyburns.com/patient-information/patient-registration/ ; http://www.jeffreyburns.com/patient-information/scheduling/ ; http://www.jeffreyburns.com/restorative-dentistry/ ; +21 more,blocked/rate-limited,present-on-site / verify-blocked,https://www.jeffreyburns.com/restorative-dentistry/dentures/exams-maintenance/,URL was extracted from sitemap/live rendered text; independent HTTP verification blocked by Cloudflare/Jina rate limiting.
Cosmetic Dentistry | Immediate Dentures | Skip to main content | immediate denture,https://www.jeffreyburns.com/restorative-dentistry/dentures/immediate-dentures/,internal,http://www.jeffreyburns.com/about-us/ ; http://www.jeffreyburns.com/patient-information/ ; http://www.jeffreyburns.com/patient-information/care-credit/ ; http://www.jeffreyburns.com/patient-information/dental-testimonials/ ; http://www.jeffreyburns.com/patient-information/insurance/ ; http://www.jeffreyburns.com/patient-information/new-patients/ ; http://www.jeffreyburns.com/patient-information/patient-education/ ; http://www.jeffreyburns.com/patient-information/patient-registration/ ; http://www.jeffreyburns.com/patient-information/scheduling/ ; http://www.jeffreyburns.com/restorative-dentistry/ ; +21 more,blocked/rate-limited,present-on-site / verify-blocked,https://www.jeffreyburns.com/restorative-dentistry/dentures/immediate-dentures/,URL was extracted from sitemap/live rendered text; independent HTTP verification blocked by Cloudflare/Jina rate limiting.
Implant Retained Dentures,https://www.jeffreyburns.com/restorative-dentistry/dentures/implant-retained-dentures/,internal,http://www.jeffreyburns.com/about-us/ ; http://www.jeffreyburns.com/patient-information/ ; http://www.jeffreyburns.com/patient-information/care-credit/ ; http://www.jeffreyburns.com/patient-information/dental-testimonials/ ; http://www.jeffreyburns.com/patient-information/insurance/ ; http://www.jeffreyburns.com/patient-information/new-patients/ ; http://www.jeffreyburns.com/patient-information/patient-education/ ; http://www.jeffreyburns.com/patient-information/patient-registration/ ; http://www.jeffreyburns.com/patient-information/scheduling/ ; http://www.jeffreyburns.com/restorative-dentistry/ ; +21 more,blocked/rate-limited,present-on-site / verify-blocked,https://www.jeffreyburns.com/restorative-dentistry/dentures/implant-retained-dentures/,URL was extracted from sitemap/live rendered text; independent HTTP verification blocked by Cloudflare/Jina rate limiting.
Cosmetic Dentistry | Partial Dentures | Skip to main content | partial | removable partial denture,https://www.jeffreyburns.com/restorative-dentistry/dentures/partial-dentures/,internal,http://www.jeffreyburns.com/about-us/ ; http://www.jeffreyburns.com/patient-information/ ; http://www.jeffreyburns.com/patient-information/care-credit/ ; http://www.jeffreyburns.com/patient-information/dental-testimonials/ ; http://www.jeffreyburns.com/patient-information/insurance/ ; http://www.jeffreyburns.com/patient-information/new-patients/ ; http://www.jeffreyburns.com/patient-information/patient-education/ ; http://www.jeffreyburns.com/patient-information/patient-registration/ ; http://www.jeffreyburns.com/patient-information/scheduling/ ; http://www.jeffreyburns.com/restorative-dentistry/ ; +22 more,blocked/rate-limited,present-on-site / verify-blocked,https://www.jeffreyburns.com/restorative-dentistry/dentures/partial-dentures/,URL was extracted from sitemap/live rendered text; independent HTTP verification blocked by Cloudflare/Jina rate limiting.
Rebase & Repairs | repairs,https://www.jeffreyburns.com/restorative-dentistry/dentures/rebase-repairs/,internal,http://www.jeffreyburns.com/about-us/ ; http://www.jeffreyburns.com/patient-information/ ; http://www.jeffreyburns.com/patient-information/care-credit/ ; http://www.jeffreyburns.com/patient-information/dental-testimonials/ ; http://www.jeffreyburns.com/patient-information/insurance/ ; http://www.jeffreyburns.com/patient-information/new-patients/ ; http://www.jeffreyburns.com/patient-information/patient-education/ ; http://www.jeffreyburns.com/patient-information/patient-registration/ ; http://www.jeffreyburns.com/patient-information/scheduling/ ; http://www.jeffreyburns.com/restorative-dentistry/ ; +22 more,200,yes,https://www.jeffreyburns.com/restorative-dentistry/dentures/rebase-repairs/,checked via Jina Reader (direct browser hit shows Cloudflare challenge)
Soft Liners,https://www.jeffreyburns.com/restorative-dentistry/dentures/soft-liners/,internal,http://www.jeffreyburns.com/about-us/ ; http://www.jeffreyburns.com/patient-information/ ; http://www.jeffreyburns.com/patient-information/care-credit/ ; http://www.jeffreyburns.com/patient-information/dental-testimonials/ ; http://www.jeffreyburns.com/patient-information/insurance/ ; http://www.jeffreyburns.com/patient-information/new-patients/ ; http://www.jeffreyburns.com/patient-information/patient-education/ ; http://www.jeffreyburns.com/patient-information/patient-registration/ ; http://www.jeffreyburns.com/patient-information/scheduling/ ; http://www.jeffreyburns.com/restorative-dentistry/ ; +21 more,200,yes,https://www.jeffreyburns.com/restorative-dentistry/dentures/soft-liners/,checked via Jina Reader (direct browser hit shows Cloudflare challenge)
Full Mouth Reconstruction,https://www.jeffreyburns.com/restorative-dentistry/full-mouth-reconstruction/,internal,http://www.jeffreyburns.com/about-us/ ; http://www.jeffreyburns.com/patient-information/ ; http://www.jeffreyburns.com/patient-information/care-credit/ ; http://www.jeffreyburns.com/patient-information/dental-testimonials/ ; http://www.jeffreyburns.com/patient-information/insurance/ ; http://www.jeffreyburns.com/patient-information/new-patients/ ; http://www.jeffreyburns.com/patient-information/patient-education/ ; http://www.jeffreyburns.com/patient-information/patient-registration/ ; http://www.jeffreyburns.com/patient-information/scheduling/ ; http://www.jeffreyburns.com/restorative-dentistry/ ; +21 more,200,yes,https://www.jeffreyburns.com/restorative-dentistry/full-mouth-reconstruction/,checked via Jina Reader (direct browser hit shows Cloudflare challenge)
L-PRF grafting and Osstell IDX,https://www.jeffreyburns.com/restorative-dentistry/l-prf-grafting-and-osstell-idx/,internal,http://www.jeffreyburns.com/about-us/ ; http://www.jeffreyburns.com/patient-information/ ; http://www.jeffreyburns.com/patient-information/care-credit/ ; http://www.jeffreyburns.com/patient-information/dental-testimonials/ ; http://www.jeffreyburns.com/patient-information/insurance/ ; http://www.jeffreyburns.com/patient-information/new-patients/ ; http://www.jeffreyburns.com/patient-information/patient-education/ ; http://www.jeffreyburns.com/patient-information/patient-registration/ ; http://www.jeffreyburns.com/patient-information/scheduling/ ; http://www.jeffreyburns.com/restorative-dentistry/ ; +22 more,blocked/rate-limited,present-on-site / verify-blocked,https://www.jeffreyburns.com/restorative-dentistry/l-prf-grafting-and-osstell-idx/,URL was extracted from sitemap/live rendered text; independent HTTP verification blocked by Cloudflare/Jina rate limiting.
Cosmetic Dentistry | Root Canal | Root Canals | Root canals | Skip to main content,https://www.jeffreyburns.com/restorative-dentistry/root-canal/,internal,http://www.jeffreyburns.com/about-us/ ; http://www.jeffreyburns.com/about-us/advanced-technology/ ; http://www.jeffreyburns.com/patient-information/ ; http://www.jeffreyburns.com/patient-information/care-credit/ ; http://www.jeffreyburns.com/patient-information/dental-testimonials/ ; http://www.jeffreyburns.com/patient-information/insurance/ ; http://www.jeffreyburns.com/patient-information/new-patients/ ; http://www.jeffreyburns.com/patient-information/patient-education/ ; http://www.jeffreyburns.com/patient-information/patient-registration/ ; http://www.jeffreyburns.com/patient-information/scheduling/ ; +22 more,200,yes,https://www.jeffreyburns.com/restorative-dentistry/root-canal/,checked via Jina Reader (direct browser hit shows Cloudflare challenge)
,https://www.jeffreyburns.com/single-vs-multiple-tooth-implants/,internal,https://www.jeffreyburns.com/single-vs-multiple-tooth-implants/,blocked/rate-limited,present-on-site / verify-blocked,https://www.jeffreyburns.com/single-vs-multiple-tooth-implants/,URL was extracted from sitemap/live rendered text; independent HTTP verification blocked by Cloudflare/Jina rate limiting.
Sitemap,https://www.jeffreyburns.com/sitemap/,internal,http://www.jeffreyburns.com/about-us/ ; http://www.jeffreyburns.com/patient-information/ ; http://www.jeffreyburns.com/patient-information/care-credit/ ; http://www.jeffreyburns.com/patient-information/insurance/ ; http://www.jeffreyburns.com/patient-information/new-patients/ ; http://www.jeffreyburns.com/patient-information/patient-education/ ; http://www.jeffreyburns.com/patient-information/patient-registration/ ; http://www.jeffreyburns.com/patient-information/scheduling/ ; http://www.jeffreyburns.com/restorative-dentistry/ ; http://www.jeffreyburns.com/restorative-dentistry/dental-fillings/ ; +18 more,blocked/rate-limited,present-on-site / verify-blocked,https://www.jeffreyburns.com/sitemap/,URL was extracted from sitemap/live rendered text; independent HTTP verification blocked by Cloudflare/Jina rate limiting.
,https://www.jeffreyburns.com/types-of-dental-implants-guide/,internal,https://www.jeffreyburns.com/types-of-dental-implants-guide/,blocked/rate-limited,present-on-site / verify-blocked,https://www.jeffreyburns.com/types-of-dental-implants-guide/,URL was extracted from sitemap/live rendered text; independent HTTP verification blocked by Cloudflare/Jina rate limiting.
dental implants,https://www.jeffreyburns.com/what-are-tooth-implants/,internal,https://www.jeffreyburns.com/single-vs-multiple-tooth-implants/,blocked/rate-limited,present-on-site / verify-blocked,https://www.jeffreyburns.com/what-are-tooth-implants/,URL was extracted from sitemap/live rendered text; independent HTTP verification blocked by Cloudflare/Jina rate limiting.
9626 South Congress St,https://maps.app.goo.gl/F2e2swXCUEK6M6GN6,map,http://www.jeffreyburns.com/about-us/ ; http://www.jeffreyburns.com/patient-information/ ; http://www.jeffreyburns.com/patient-information/care-credit/ ; http://www.jeffreyburns.com/patient-information/insurance/ ; http://www.jeffreyburns.com/patient-information/new-patients/ ; http://www.jeffreyburns.com/patient-information/patient-education/ ; http://www.jeffreyburns.com/patient-information/patient-registration/ ; http://www.jeffreyburns.com/patient-information/scheduling/ ; http://www.jeffreyburns.com/restorative-dentistry/ ; http://www.jeffreyburns.com/restorative-dentistry/dental-fillings/ ; +20 more,200,yes,"https://www.google.com/maps/place/Jeffrey+S.+Burns+DDS/@38.6419482,-78.6755002,704m/data=!3m2!1e3!4b1!4m6!3m5!1s0x89b4f8610ded28b7:0x78d4eccc2189b119!8m2!3d38.6419482!4d-78.6755002!16s%2Fg%2F1tdvl1f0!5m1!1e1?entry=tts&g_ep=EgoyMDI1MDcyMy4wIPu8ASoASAFQAw%3D%3D&skid=c0815a9e-a72d-4e2d-913d-173f129f7bc7",redirects
"Jeffrey S. Burns DDS 9626 South Congress St New Market, VA 22844",https://maps.app.goo.gl/KK9iVVres1ChEAps6,map,http://www.jeffreyburns.com/about-us/ ; http://www.jeffreyburns.com/patient-information/ ; http://www.jeffreyburns.com/patient-information/care-credit/ ; http://www.jeffreyburns.com/patient-information/insurance/ ; http://www.jeffreyburns.com/patient-information/new-patients/ ; http://www.jeffreyburns.com/patient-information/patient-education/ ; http://www.jeffreyburns.com/patient-information/patient-registration/ ; http://www.jeffreyburns.com/patient-information/scheduling/ ; http://www.jeffreyburns.com/restorative-dentistry/ ; http://www.jeffreyburns.com/restorative-dentistry/dental-fillings/ ; +18 more,200,yes,"https://www.google.com/maps/place/Jeffrey+S.+Burns+DDS/@38.6419482,-78.6755002,737m/data=!3m2!1e3!4b1!4m6!3m5!1s0x89b4f8610ded28b7:0x78d4eccc2189b119!8m2!3d38.6419482!4d-78.6755002!16s%2Fg%2F1tdvl1f0?entry=tts&g_ep=EgoyMDI1MDcyMy4wIPu8ASoASAFQAw%3D%3D&skid=baf713a7-ce5c-4b71-be09-3d2845f08082",redirects
Jeffrey S. Burns DDS Facebook page,https://www.facebook.com/JeffreySBurnsDDS/,social,http://www.jeffreyburns.com/about-us/ ; http://www.jeffreyburns.com/patient-information/ ; http://www.jeffreyburns.com/patient-information/care-credit/ ; http://www.jeffreyburns.com/patient-information/insurance/ ; http://www.jeffreyburns.com/patient-information/new-patients/ ; http://www.jeffreyburns.com/patient-information/patient-education/ ; http://www.jeffreyburns.com/patient-information/patient-registration/ ; http://www.jeffreyburns.com/patient-information/scheduling/ ; http://www.jeffreyburns.com/restorative-dentistry/ ; http://www.jeffreyburns.com/restorative-dentistry/dental-fillings/ ; +20 more,200,yes,https://web.facebook.com/JeffreySBurnsDDS/?_rdc=1&_rdr,redirects
Jeffrey S. Burns DDS Instagram page,https://www.instagram.com/jeffreys.burnsdds/,social,http://www.jeffreyburns.com/about-us/ ; http://www.jeffreyburns.com/patient-information/ ; http://www.jeffreyburns.com/patient-information/care-credit/ ; http://www.jeffreyburns.com/patient-information/insurance/ ; http://www.jeffreyburns.com/patient-information/new-patients/ ; http://www.jeffreyburns.com/patient-information/patient-education/ ; http://www.jeffreyburns.com/patient-information/patient-registration/ ; http://www.jeffreyburns.com/patient-information/scheduling/ ; http://www.jeffreyburns.com/restorative-dentistry/ ; http://www.jeffreyburns.com/restorative-dentistry/dental-fillings/ ; +20 more,200,yes,https://www.instagram.com/jeffreys.burnsdds/,
Video 5,https://www.youtube.com/watch?v=iZmzadfLiec,social,https://www.jeffreyburns.com/implant-tooth/,200,yes,https://www.youtube.com/watch?v=iZmzadfLiec,
Video 5,https://www.youtube.com/watch?v=m2SW1gb-fr0,social,https://www.jeffreyburns.com/confidentdreamsmile/,200,yes,https://www.youtube.com/watch?v=m2SW1gb-fr0,
(540) 740-8937,tel:(540,tel,https://www.jeffreyburns.com/early-gum-disease-signs/,active format,yes,,
"Call New Market, VA Office Phone Number | Call us: 540-740-8937 | Jeffrey S. Burns DDS Office Phone Number 540-740-8937 | Jeffrey S. Burns DDS Office Phone Number Call Us Today!540-740-8937 | Jeffrey S. Burns DDS Office Phone Number Schedule an Appointment Today! Call 540-740-8937",tel:15407408937,tel,http://www.jeffreyburns.com/about-us/ ; http://www.jeffreyburns.com/patient-information/ ; http://www.jeffreyburns.com/patient-information/care-credit/ ; http://www.jeffreyburns.com/patient-information/insurance/ ; http://www.jeffreyburns.com/patient-information/new-patients/ ; http://www.jeffreyburns.com/patient-information/patient-education/ ; http://www.jeffreyburns.com/patient-information/patient-registration/ ; http://www.jeffreyburns.com/patient-information/scheduling/ ; http://www.jeffreyburns.com/restorative-dentistry/ ; http://www.jeffreyburns.com/restorative-dentistry/cerec/ ; +29 more,active format,yes,,
